Transect Distance (m),filename,datetime,Cluster_0_Percent,Cluster_0_HSV,Cluster_1_Percent,Cluster_1_HSV,Cluster_2_Percent,Cluster_2_HSV,,Ice,Water
0,0.jpg,1970-01-01T00:00:00.000,66.73388672,"(226.53, 221.04, 215.70)",22.38720703,"(46.33, 38.59, 31.21)",10.87890625,"(136.49, 129.95, 117.47)",,77.61279297,22.38720703
240,0.jpg,1970-01-01T00:00:00.000,66.73388672,"(226.53, 221.04, 215.70)",22.38720703,"(46.33, 38.59, 31.21)",10.87890625,"(136.49, 129.95, 117.47)",,77.61279297,22.38720703
1,1.jpg,1970-01-01T00:00:00.000,63.46191406,"(226.53, 221.04, 215.70)",0.182617188,"(46.33, 38.59, 31.21)",36.35546875,"(136.49, 129.95, 117.47)",,99.81738281,0.182617188
241,1.jpg,1970-01-01T00:00:00.000,63.46191406,"(226.53, 221.04, 215.70)",0.182617188,"(46.33, 38.59, 31.21)",36.35546875,"(136.49, 129.95, 117.47)",,99.81738281,0.182617188
111,2.jpg,1970-01-01T00:00:00.000,75.15771484,"(226.53, 221.04, 215.70)",1.8347167968750002,"(46.33, 38.59, 31.21)",23.00756836,"(136.49, 129.95, 117.47)",,98.1652832,1.8347167968750002
351,2.jpg,1970-01-01T00:00:00.000,75.15771484,"(226.53, 221.04, 215.70)",1.8347167968750002,"(46.33, 38.59, 31.21)",23.00756836,"(136.49, 129.95, 117.47)",,98.1652832,1.8347167968750002
163,3.jpg,1970-01-01T00:00:00.000,68.96069336,"(226.53, 221.04, 215.70)",2.563232422,"(46.33, 38.59, 31.21)",28.476074218750004,"(136.49, 129.95, 117.47)",,97.43676758,2.563232422
403,3.jpg,1970-01-01T00:00:00.000,68.96069336,"(226.53, 221.04, 215.70)",2.563232422,"(46.33, 38.59, 31.21)",28.476074218750004,"(136.49, 129.95, 117.47)",,97.43676758,2.563232422
174,4.jpg,1970-01-01T00:00:00.000,79.63183594,"(226.53, 221.04, 215.70)",0.962646484,"(46.33, 38.59, 31.21)",19.40551758,"(136.49, 129.95, 117.47)",,99.03735352,0.962646484
414,4.jpg,1970-01-01T00:00:00.000,79.63183594,"(226.53, 221.04, 215.70)",0.962646484,"(46.33, 38.59, 31.21)",19.40551758,"(136.49, 129.95, 117.47)",,99.03735352,0.962646484
185,5.jpg,1970-01-01T00:00:00.000,64.45751953,"(226.53, 221.04, 215.70)",6.424560546874999,"(46.33, 38.59, 31.21)",29.11791992,"(136.49, 129.95, 117.47)",,93.57543945,6.424560546874999
425,5.jpg,1970-01-01T00:00:00.000,64.45751953,"(226.53, 221.04, 215.70)",6.424560546874999,"(46.33, 38.59, 31.21)",29.11791992,"(136.49, 129.95, 117.47)",,93.57543945,6.424560546874999
436,6.jpg,1970-01-01T00:00:00.000,38.7512207,"(226.53, 221.04, 215.70)",36.1394043,"(46.33, 38.59, 31.21)",25.109375,"(136.49, 129.95, 117.47)",,63.8605957,36.1394043
196,6.jpg,1970-01-01T00:00:00.000,38.7512207,"(226.53, 221.04, 215.70)",36.1394043,"(46.33, 38.59, 31.21)",25.109375,"(136.49, 129.95, 117.47)",,63.8605957,36.1394043
447,7.jpg,1970-01-01T00:00:00.000,72.50537109,"(226.53, 221.04, 215.70)",2.676513672,"(46.33, 38.59, 31.21)",24.81811523,"(136.49, 129.95, 117.47)",,97.32348632,2.676513672
207,7.jpg,1970-01-01T00:00:00.000,72.50537109,"(226.53, 221.04, 215.70)",2.676513672,"(46.33, 38.59, 31.21)",24.81811523,"(136.49, 129.95, 117.47)",,97.32348632,2.676513672
218,8.jpg,1970-01-01T00:00:00.000,62.87988281,"(226.53, 221.04, 215.70)",10.3449707,"(46.33, 38.59, 31.21)",26.77514648,"(136.49, 129.95, 117.47)",,89.65502929,10.3449707
458,8.jpg,1970-01-01T00:00:00.000,62.87988281,"(226.53, 221.04, 215.70)",10.3449707,"(46.33, 38.59, 31.21)",26.77514648,"(136.49, 129.95, 117.47)",,89.65502929,10.3449707
469,9.jpg,1970-01-01T00:00:00.000,45.19360352,"(226.53, 221.04, 215.70)",24.22973633,"(46.33, 38.59, 31.21)",30.57666016,"(136.49, 129.95, 117.47)",,75.77026368,24.22973633
229,9.jpg,1970-01-01T00:00:00.000,45.19360352,"(226.53, 221.04, 215.70)",24.22973633,"(46.33, 38.59, 31.21)",30.57666016,"(136.49, 129.95, 117.47)",,75.77026368,24.22973633
2,10.jpg,1970-01-01T00:00:00.000,42.6027832,"(226.53, 221.04, 215.70)",25.8671875,"(46.33, 38.59, 31.21)",31.5300293,"(136.49, 129.95, 117.47)",,74.1328125,25.8671875
242,10.jpg,1970-01-01T00:00:00.000,42.6027832,"(226.53, 221.04, 215.70)",25.8671875,"(46.33, 38.59, 31.21)",31.5300293,"(136.49, 129.95, 117.47)",,74.1328125,25.8671875
253,11.jpg,1970-01-01T00:00:00.000,52.33569336,"(226.53, 221.04, 215.70)",20.22998047,"(46.33, 38.59, 31.21)",27.43432617,"(136.49, 129.95, 117.47)",,79.77001953,20.22998047
13,11.jpg,1970-01-01T00:00:00.000,52.33569336,"(226.53, 221.04, 215.70)",20.22998047,"(46.33, 38.59, 31.21)",27.43432617,"(136.49, 129.95, 117.47)",,79.77001953,20.22998047
24,12.jpg,1970-01-01T00:00:00.000,61.6159668,"(226.53, 221.04, 215.70)",11.48779297,"(46.33, 38.59, 31.21)",26.89624023,"(136.49, 129.95, 117.47)",,88.51220703,11.48779297
264,12.jpg,1970-01-01T00:00:00.000,61.6159668,"(226.53, 221.04, 215.70)",11.48779297,"(46.33, 38.59, 31.21)",26.89624023,"(136.49, 129.95, 117.47)",,88.51220703,11.48779297
274,13.jpg,1970-01-01T00:00:00.000,59.64160156,"(226.53, 221.04, 215.70)",11.46044922,"(46.33, 38.59, 31.21)",28.897949218750004,"(136.49, 129.95, 117.47)",,88.53955078,11.46044922
34,13.jpg,1970-01-01T00:00:00.000,59.64160156,"(226.53, 221.04, 215.70)",11.46044922,"(46.33, 38.59, 31.21)",28.897949218750004,"(136.49, 129.95, 117.47)",,88.53955078,11.46044922
45,14.jpg,1970-01-01T00:00:00.000,62.94067382812501,"(226.53, 221.04, 215.70)",11.43237305,"(46.33, 38.59, 31.21)",25.62695313,"(136.49, 129.95, 117.47)",,88.56762696,11.43237305
285,14.jpg,1970-01-01T00:00:00.000,62.94067382812501,"(226.53, 221.04, 215.70)",11.43237305,"(46.33, 38.59, 31.21)",25.62695313,"(136.49, 129.95, 117.47)",,88.56762696,11.43237305
296,15.jpg,1970-01-01T00:00:00.000,57.53833008,"(226.53, 221.04, 215.70)",4.854248047,"(46.33, 38.59, 31.21)",37.60742188,"(136.49, 129.95, 117.47)",,95.14575196,4.854248047
56,15.jpg,1970-01-01T00:00:00.000,57.53833008,"(226.53, 221.04, 215.70)",4.854248047,"(46.33, 38.59, 31.21)",37.60742188,"(136.49, 129.95, 117.47)",,95.14575196,4.854248047
307,16.jpg,1970-01-01T00:00:00.000,71.86303711,"(226.53, 221.04, 215.70)",0.011230469,"(46.33, 38.59, 31.21)",28.12573242,"(136.49, 129.95, 117.47)",,99.98876953,0.011230469
67,16.jpg,1970-01-01T00:00:00.000,71.86303711,"(226.53, 221.04, 215.70)",0.011230469,"(46.33, 38.59, 31.21)",28.12573242,"(136.49, 129.95, 117.47)",,99.98876953,0.011230469
318,17.jpg,1970-01-01T00:00:00.000,28.53808594,"(226.53, 221.04, 215.70)",0.012207031,"(46.33, 38.59, 31.21)",71.44970703,"(136.49, 129.95, 117.47)",,99.98779297,0.012207031
78,17.jpg,1970-01-01T00:00:00.000,28.53808594,"(226.53, 221.04, 215.70)",0.012207031,"(46.33, 38.59, 31.21)",71.44970703,"(136.49, 129.95, 117.47)",,99.98779297,0.012207031
89,18.jpg,1970-01-01T00:00:00.000,47.43188477,"(226.53, 221.04, 215.70)",1.910400391,"(46.33, 38.59, 31.21)",50.65771484,"(136.49, 129.95, 117.47)",,98.08959961,1.910400391
329,18.jpg,1970-01-01T00:00:00.000,47.43188477,"(226.53, 221.04, 215.70)",1.910400391,"(46.33, 38.59, 31.21)",50.65771484,"(136.49, 129.95, 117.47)",,98.08959961,1.910400391
100,19.jpg,1970-01-01T00:00:00.000,56.64770508,"(226.53, 221.04, 215.70)",11.50561523,"(46.33, 38.59, 31.21)",31.84667969,"(136.49, 129.95, 117.47)",,88.49438477,11.50561523
340,19.jpg,1970-01-01T00:00:00.000,56.64770508,"(226.53, 221.04, 215.70)",11.50561523,"(46.33, 38.59, 31.21)",31.84667969,"(136.49, 129.95, 117.47)",,88.49438477,11.50561523
352,20.jpg,1970-01-01T00:00:00.000,73.59521484,"(226.53, 221.04, 215.70)",6.316894531,"(46.33, 38.59, 31.21)",20.08789063,"(136.49, 129.95, 117.47)",,93.68310547,6.316894531
112,20.jpg,1970-01-01T00:00:00.000,73.59521484,"(226.53, 221.04, 215.70)",6.316894531,"(46.33, 38.59, 31.21)",20.08789063,"(136.49, 129.95, 117.47)",,93.68310547,6.316894531
363,21.jpg,1970-01-01T00:00:00.000,60.92431641,"(226.53, 221.04, 215.70)",11.05371094,"(46.33, 38.59, 31.21)",28.02197266,"(136.49, 129.95, 117.47)",,88.94628907,11.05371094
123,21.jpg,1970-01-01T00:00:00.000,60.92431641,"(226.53, 221.04, 215.70)",11.05371094,"(46.33, 38.59, 31.21)",28.02197266,"(136.49, 129.95, 117.47)",,88.94628907,11.05371094
134,22.jpg,1970-01-01T00:00:00.000,57.42333984,"(226.53, 221.04, 215.70)",10.31469727,"(46.33, 38.59, 31.21)",32.26196289,"(136.49, 129.95, 117.47)",,89.68530273,10.31469727
374,22.jpg,1970-01-01T00:00:00.000,57.42333984,"(226.53, 221.04, 215.70)",10.31469727,"(46.33, 38.59, 31.21)",32.26196289,"(136.49, 129.95, 117.47)",,89.68530273,10.31469727
385,23.jpg,1970-01-01T00:00:00.000,68.86791992,"(226.53, 221.04, 215.70)",10.88891602,"(46.33, 38.59, 31.21)",20.24316406,"(136.49, 129.95, 117.47)",,89.11108398,10.88891602
145,23.jpg,1970-01-01T00:00:00.000,68.86791992,"(226.53, 221.04, 215.70)",10.88891602,"(46.33, 38.59, 31.21)",20.24316406,"(136.49, 129.95, 117.47)",,89.11108398,10.88891602
156,24.jpg,1970-01-01T00:00:00.000,79.70410156,"(226.53, 221.04, 215.70)",2.512207031,"(46.33, 38.59, 31.21)",17.78369141,"(136.49, 129.95, 117.47)",,97.48779297,2.512207031
396,24.jpg,1970-01-01T00:00:00.000,79.70410156,"(226.53, 221.04, 215.70)",2.512207031,"(46.33, 38.59, 31.21)",17.78369141,"(136.49, 129.95, 117.47)",,97.48779297,2.512207031
158,25.jpg,1970-01-01T00:00:00.000,67.68603516,"(226.53, 221.04, 215.70)",8.076660156,"(46.33, 38.59, 31.21)",24.23730469,"(136.49, 129.95, 117.47)",,91.92333985,8.076660156
398,25.jpg,1970-01-01T00:00:00.000,67.68603516,"(226.53, 221.04, 215.70)",8.076660156,"(46.33, 38.59, 31.21)",24.23730469,"(136.49, 129.95, 117.47)",,91.92333985,8.076660156
159,26.jpg,1970-01-01T00:00:00.000,46.70263672,"(226.53, 221.04, 215.70)",24.49853516,"(46.33, 38.59, 31.21)",28.798828124999996,"(136.49, 129.95, 117.47)",,75.50146484,24.49853516
399,26.jpg,1970-01-01T00:00:00.000,46.70263672,"(226.53, 221.04, 215.70)",24.49853516,"(46.33, 38.59, 31.21)",28.798828124999996,"(136.49, 129.95, 117.47)",,75.50146484,24.49853516
160,27.jpg,1970-01-01T00:00:00.000,53.18286133,"(226.53, 221.04, 215.70)",14.756591796874998,"(46.33, 38.59, 31.21)",32.06054688,"(136.49, 129.95, 117.47)",,85.24340821,14.756591796874998
400,27.jpg,1970-01-01T00:00:00.000,53.18286133,"(226.53, 221.04, 215.70)",14.756591796874998,"(46.33, 38.59, 31.21)",32.06054688,"(136.49, 129.95, 117.47)",,85.24340821,14.756591796874998
401,28.jpg,1970-01-01T00:00:00.000,48.56494141,"(226.53, 221.04, 215.70)",14.38989258,"(46.33, 38.59, 31.21)",37.04516602,"(136.49, 129.95, 117.47)",,85.61010743,14.38989258
161,28.jpg,1970-01-01T00:00:00.000,48.56494141,"(226.53, 221.04, 215.70)",14.38989258,"(46.33, 38.59, 31.21)",37.04516602,"(136.49, 129.95, 117.47)",,85.61010743,14.38989258
162,29.jpg,1970-01-01T00:00:00.000,64.91381836,"(226.53, 221.04, 215.70)",4.057617188,"(46.33, 38.59, 31.21)",31.02856445,"(136.49, 129.95, 117.47)",,95.94238281,4.057617188
402,29.jpg,1970-01-01T00:00:00.000,64.91381836,"(226.53, 221.04, 215.70)",4.057617188,"(46.33, 38.59, 31.21)",31.02856445,"(136.49, 129.95, 117.47)",,95.94238281,4.057617188
164,30.jpg,1970-01-01T00:00:00.000,61.81518554687499,"(226.53, 221.04, 215.70)",12.44946289,"(46.33, 38.59, 31.21)",25.735351562499996,"(136.49, 129.95, 117.47)",,87.55053711,12.44946289
404,30.jpg,1970-01-01T00:00:00.000,61.81518554687499,"(226.53, 221.04, 215.70)",12.44946289,"(46.33, 38.59, 31.21)",25.735351562499996,"(136.49, 129.95, 117.47)",,87.55053711,12.44946289
165,31.jpg,1970-01-01T00:00:00.000,55.47216797,"(226.53, 221.04, 215.70)",8.448486328,"(46.33, 38.59, 31.21)",36.0793457,"(136.49, 129.95, 117.47)",,91.55151367,8.448486328
405,31.jpg,1970-01-01T00:00:00.000,55.47216797,"(226.53, 221.04, 215.70)",8.448486328,"(46.33, 38.59, 31.21)",36.0793457,"(136.49, 129.95, 117.47)",,91.55151367,8.448486328
166,32.jpg,1970-01-01T00:00:00.000,54.80859375,"(226.53, 221.04, 215.70)",16.67700195,"(46.33, 38.59, 31.21)",28.5144043,"(136.49, 129.95, 117.47)",,83.32299805,16.67700195
406,32.jpg,1970-01-01T00:00:00.000,54.80859375,"(226.53, 221.04, 215.70)",16.67700195,"(46.33, 38.59, 31.21)",28.5144043,"(136.49, 129.95, 117.47)",,83.32299805,16.67700195
167,33.jpg,1970-01-01T00:00:00.000,64.25292969,"(226.53, 221.04, 215.70)",7.682128906250001,"(46.33, 38.59, 31.21)",28.06494141,"(136.49, 129.95, 117.47)",,92.3178711,7.682128906250001
407,33.jpg,1970-01-01T00:00:00.000,64.25292969,"(226.53, 221.04, 215.70)",7.682128906250001,"(46.33, 38.59, 31.21)",28.06494141,"(136.49, 129.95, 117.47)",,92.3178711,7.682128906250001
168,34.jpg,1970-01-01T00:00:00.000,69.10424805,"(226.53, 221.04, 215.70)",1.324707031,"(46.33, 38.59, 31.21)",29.57104492,"(136.49, 129.95, 117.47)",,98.67529297,1.324707031
408,34.jpg,1970-01-01T00:00:00.000,69.10424805,"(226.53, 221.04, 215.70)",1.324707031,"(46.33, 38.59, 31.21)",29.57104492,"(136.49, 129.95, 117.47)",,98.67529297,1.324707031
409,35.jpg,1970-01-01T00:00:00.000,40.63598633,"(226.53, 221.04, 215.70)",21.78833008,"(46.33, 38.59, 31.21)",37.57568359,"(136.49, 129.95, 117.47)",,78.21166992,21.78833008
169,35.jpg,1970-01-01T00:00:00.000,40.63598633,"(226.53, 221.04, 215.70)",21.78833008,"(46.33, 38.59, 31.21)",37.57568359,"(136.49, 129.95, 117.47)",,78.21166992,21.78833008
410,36.jpg,1970-01-01T00:00:00.000,55.41040039,"(226.53, 221.04, 215.70)",11.38110352,"(46.33, 38.59, 31.21)",33.20849609,"(136.49, 129.95, 117.47)",,88.61889648,11.38110352
170,36.jpg,1970-01-01T00:00:00.000,55.41040039,"(226.53, 221.04, 215.70)",11.38110352,"(46.33, 38.59, 31.21)",33.20849609,"(136.49, 129.95, 117.47)",,88.61889648,11.38110352
411,37.jpg,1970-01-01T00:00:00.000,66.05273438,"(226.53, 221.04, 215.70)",9.348144531,"(46.33, 38.59, 31.21)",24.59912109,"(136.49, 129.95, 117.47)",,90.65185547,9.348144531
171,37.jpg,1970-01-01T00:00:00.000,66.05273438,"(226.53, 221.04, 215.70)",9.348144531,"(46.33, 38.59, 31.21)",24.59912109,"(136.49, 129.95, 117.47)",,90.65185547,9.348144531
412,38.jpg,1970-01-01T00:00:00.000,39.57885742,"(226.53, 221.04, 215.70)",24.90258789,"(46.33, 38.59, 31.21)",35.51855469,"(136.49, 129.95, 117.47)",,75.09741211,24.90258789
172,38.jpg,1970-01-01T00:00:00.000,39.57885742,"(226.53, 221.04, 215.70)",24.90258789,"(46.33, 38.59, 31.21)",35.51855469,"(136.49, 129.95, 117.47)",,75.09741211,24.90258789
413,39.jpg,1970-01-01T00:00:00.000,61.97167969,"(226.53, 221.04, 215.70)",16.13061523,"(46.33, 38.59, 31.21)",21.89770508,"(136.49, 129.95, 117.47)",,83.86938477,16.13061523
173,39.jpg,1970-01-01T00:00:00.000,61.97167969,"(226.53, 221.04, 215.70)",16.13061523,"(46.33, 38.59, 31.21)",21.89770508,"(136.49, 129.95, 117.47)",,83.86938477,16.13061523
175,40.jpg,1970-01-01T00:00:00.000,83.28100586,"(226.53, 221.04, 215.70)",1.010009766,"(46.33, 38.59, 31.21)",15.708984375000002,"(136.49, 129.95, 117.47)",,98.98999024,1.010009766
415,40.jpg,1970-01-01T00:00:00.000,83.28100586,"(226.53, 221.04, 215.70)",1.010009766,"(46.33, 38.59, 31.21)",15.708984375000002,"(136.49, 129.95, 117.47)",,98.98999024,1.010009766
176,41.jpg,1970-01-01T00:00:00.000,68.51806641,"(226.53, 221.04, 215.70)",4.703369141,"(46.33, 38.59, 31.21)",26.778564453124996,"(136.49, 129.95, 117.47)",,95.29663086,4.703369141
416,41.jpg,1970-01-01T00:00:00.000,68.51806641,"(226.53, 221.04, 215.70)",4.703369141,"(46.33, 38.59, 31.21)",26.778564453124996,"(136.49, 129.95, 117.47)",,95.29663086,4.703369141
417,42.jpg,1970-01-01T00:00:00.000,65.17041016,"(226.53, 221.04, 215.70)",6.614257813,"(46.33, 38.59, 31.21)",28.21533203,"(136.49, 129.95, 117.47)",,93.38574219,6.614257813
177,42.jpg,1970-01-01T00:00:00.000,65.17041016,"(226.53, 221.04, 215.70)",6.614257813,"(46.33, 38.59, 31.21)",28.21533203,"(136.49, 129.95, 117.47)",,93.38574219,6.614257813
178,43.jpg,1970-01-01T00:00:00.000,73.64013672,"(226.53, 221.04, 215.70)",1.09375,"(46.33, 38.59, 31.21)",25.266113281250004,"(136.49, 129.95, 117.47)",,98.90625,1.09375
418,43.jpg,1970-01-01T00:00:00.000,73.64013672,"(226.53, 221.04, 215.70)",1.09375,"(46.33, 38.59, 31.21)",25.266113281250004,"(136.49, 129.95, 117.47)",,98.90625,1.09375
419,44.jpg,1970-01-01T00:00:00.000,82.90991211,"(226.53, 221.04, 215.70)",1.5886230468749998,"(46.33, 38.59, 31.21)",15.501464843750002,"(136.49, 129.95, 117.47)",,98.41137695,1.5886230468749998
179,44.jpg,1970-01-01T00:00:00.000,82.90991211,"(226.53, 221.04, 215.70)",1.5886230468749998,"(46.33, 38.59, 31.21)",15.501464843750002,"(136.49, 129.95, 117.47)",,98.41137695,1.5886230468749998
420,45.jpg,1970-01-01T00:00:00.000,73.11157227,"(226.53, 221.04, 215.70)",2.011962891,"(46.33, 38.59, 31.21)",24.87646484,"(136.49, 129.95, 117.47)",,97.98803711,2.011962891
180,45.jpg,1970-01-01T00:00:00.000,73.11157227,"(226.53, 221.04, 215.70)",2.011962891,"(46.33, 38.59, 31.21)",24.87646484,"(136.49, 129.95, 117.47)",,97.98803711,2.011962891
421,46.jpg,1970-01-01T00:00:00.000,69.21728516,"(226.53, 221.04, 215.70)",2.657714844,"(46.33, 38.59, 31.21)",28.125,"(136.49, 129.95, 117.47)",,97.34228516,2.657714844
181,46.jpg,1970-01-01T00:00:00.000,69.21728516,"(226.53, 221.04, 215.70)",2.657714844,"(46.33, 38.59, 31.21)",28.125,"(136.49, 129.95, 117.47)",,97.34228516,2.657714844
182,47.jpg,1970-01-01T00:00:00.000,66.20385742,"(226.53, 221.04, 215.70)",9.831542969,"(46.33, 38.59, 31.21)",23.96459961,"(136.49, 129.95, 117.47)",,90.16845703,9.831542969
422,47.jpg,1970-01-01T00:00:00.000,66.20385742,"(226.53, 221.04, 215.70)",9.831542969,"(46.33, 38.59, 31.21)",23.96459961,"(136.49, 129.95, 117.47)",,90.16845703,9.831542969
423,48.jpg,1970-01-01T00:00:00.000,70.76318359,"(226.53, 221.04, 215.70)",5.149658203,"(46.33, 38.59, 31.21)",24.0871582,"(136.49, 129.95, 117.47)",,94.85034179,5.149658203
183,48.jpg,1970-01-01T00:00:00.000,70.76318359,"(226.53, 221.04, 215.70)",5.149658203,"(46.33, 38.59, 31.21)",24.0871582,"(136.49, 129.95, 117.47)",,94.85034179,5.149658203
424,49.jpg,1970-01-01T00:00:00.000,74.08569336,"(226.53, 221.04, 215.70)",4.655517578,"(46.33, 38.59, 31.21)",21.25878906,"(136.49, 129.95, 117.47)",,95.34448242,4.655517578
184,49.jpg,1970-01-01T00:00:00.000,74.08569336,"(226.53, 221.04, 215.70)",4.655517578,"(46.33, 38.59, 31.21)",21.25878906,"(136.49, 129.95, 117.47)",,95.34448242,4.655517578
186,50.jpg,1970-01-01T00:00:00.000,51.74536132812499,"(226.53, 221.04, 215.70)",17.37182617,"(46.33, 38.59, 31.21)",30.8828125,"(136.49, 129.95, 117.47)",,82.62817383,17.37182617
426,50.jpg,1970-01-01T00:00:00.000,51.74536132812499,"(226.53, 221.04, 215.70)",17.37182617,"(46.33, 38.59, 31.21)",30.8828125,"(136.49, 129.95, 117.47)",,82.62817383,17.37182617
187,51.jpg,1970-01-01T00:00:00.000,39.24414063,"(226.53, 221.04, 215.70)",22.5065918,"(46.33, 38.59, 31.21)",38.24926758,"(136.49, 129.95, 117.47)",,77.49340821,22.5065918
427,51.jpg,1970-01-01T00:00:00.000,39.24414063,"(226.53, 221.04, 215.70)",22.5065918,"(46.33, 38.59, 31.21)",38.24926758,"(136.49, 129.95, 117.47)",,77.49340821,22.5065918
428,52.jpg,1970-01-01T00:00:00.000,62.00585937500001,"(226.53, 221.04, 215.70)",15.64331055,"(46.33, 38.59, 31.21)",22.35083008,"(136.49, 129.95, 117.47)",,84.35668946,15.64331055
188,52.jpg,1970-01-01T00:00:00.000,62.00585937500001,"(226.53, 221.04, 215.70)",15.64331055,"(46.33, 38.59, 31.21)",22.35083008,"(136.49, 129.95, 117.47)",,84.35668946,15.64331055
189,53.jpg,1970-01-01T00:00:00.000,44.44311523,"(226.53, 221.04, 215.70)",25.94433594,"(46.33, 38.59, 31.21)",29.61254883,"(136.49, 129.95, 117.47)",,74.05566406,25.94433594
429,53.jpg,1970-01-01T00:00:00.000,44.44311523,"(226.53, 221.04, 215.70)",25.94433594,"(46.33, 38.59, 31.21)",29.61254883,"(136.49, 129.95, 117.47)",,74.05566406,25.94433594
430,54.jpg,1970-01-01T00:00:00.000,36.21044922,"(226.53, 221.04, 215.70)",55.15136719,"(46.33, 38.59, 31.21)",8.638183594,"(136.49, 129.95, 117.47)",,44.84863281,55.15136719
190,54.jpg,1970-01-01T00:00:00.000,36.21044922,"(226.53, 221.04, 215.70)",55.15136719,"(46.33, 38.59, 31.21)",8.638183594,"(136.49, 129.95, 117.47)",,44.84863281,55.15136719
431,55.jpg,1970-01-01T00:00:00.000,67.52075195,"(226.53, 221.04, 215.70)",7.477294922,"(46.33, 38.59, 31.21)",25.00195313,"(136.49, 129.95, 117.47)",,92.52270508,7.477294922
191,55.jpg,1970-01-01T00:00:00.000,67.52075195,"(226.53, 221.04, 215.70)",7.477294922,"(46.33, 38.59, 31.21)",25.00195313,"(136.49, 129.95, 117.47)",,92.52270508,7.477294922
432,56.jpg,1970-01-01T00:00:00.000,49.0222168,"(226.53, 221.04, 215.70)",25.86572266,"(46.33, 38.59, 31.21)",25.112060546874996,"(136.49, 129.95, 117.47)",,74.13427735,25.86572266
192,56.jpg,1970-01-01T00:00:00.000,49.0222168,"(226.53, 221.04, 215.70)",25.86572266,"(46.33, 38.59, 31.21)",25.112060546874996,"(136.49, 129.95, 117.47)",,74.13427735,25.86572266
193,57.jpg,1970-01-01T00:00:00.000,59.16088867,"(226.53, 221.04, 215.70)",10.66699219,"(46.33, 38.59, 31.21)",30.172119140624996,"(136.49, 129.95, 117.47)",,89.33300781,10.66699219
433,57.jpg,1970-01-01T00:00:00.000,59.16088867,"(226.53, 221.04, 215.70)",10.66699219,"(46.33, 38.59, 31.21)",30.172119140624996,"(136.49, 129.95, 117.47)",,89.33300781,10.66699219
194,58.jpg,1970-01-01T00:00:00.000,26.89379883,"(226.53, 221.04, 215.70)",63.26953125,"(46.33, 38.59, 31.21)",9.836669922,"(136.49, 129.95, 117.47)",,36.73046875,63.26953125
434,58.jpg,1970-01-01T00:00:00.000,26.89379883,"(226.53, 221.04, 215.70)",63.26953125,"(46.33, 38.59, 31.21)",9.836669922,"(136.49, 129.95, 117.47)",,36.73046875,63.26953125
435,59.jpg,1970-01-01T00:00:00.000,60.55200195,"(226.53, 221.04, 215.70)",15.33886719,"(46.33, 38.59, 31.21)",24.10913086,"(136.49, 129.95, 117.47)",,84.66113281,15.33886719
195,59.jpg,1970-01-01T00:00:00.000,60.55200195,"(226.53, 221.04, 215.70)",15.33886719,"(46.33, 38.59, 31.21)",24.10913086,"(136.49, 129.95, 117.47)",,84.66113281,15.33886719
197,60.jpg,1970-01-01T00:00:00.000,63.40771484374999,"(226.53, 221.04, 215.70)",13.43481445,"(46.33, 38.59, 31.21)",23.1574707,"(136.49, 129.95, 117.47)",,86.56518554,13.43481445
437,60.jpg,1970-01-01T00:00:00.000,63.40771484374999,"(226.53, 221.04, 215.70)",13.43481445,"(46.33, 38.59, 31.21)",23.1574707,"(136.49, 129.95, 117.47)",,86.56518554,13.43481445
198,61.jpg,1970-01-01T00:00:00.000,79.31665039,"(226.53, 221.04, 215.70)",0.004394531,"(46.33, 38.59, 31.21)",20.67895508,"(136.49, 129.95, 117.47)",,99.99560547,0.004394531
438,61.jpg,1970-01-01T00:00:00.000,79.31665039,"(226.53, 221.04, 215.70)",0.004394531,"(46.33, 38.59, 31.21)",20.67895508,"(136.49, 129.95, 117.47)",,99.99560547,0.004394531
439,62.jpg,1970-01-01T00:00:00.000,62.54785156,"(226.53, 221.04, 215.70)",3.2070312500000004,"(46.33, 38.59, 31.21)",34.24511719,"(136.49, 129.95, 117.47)",,96.79296875,3.2070312500000004
199,62.jpg,1970-01-01T00:00:00.000,62.54785156,"(226.53, 221.04, 215.70)",3.2070312500000004,"(46.33, 38.59, 31.21)",34.24511719,"(136.49, 129.95, 117.47)",,96.79296875,3.2070312500000004
200,63.jpg,1970-01-01T00:00:00.000,66.60424805,"(226.53, 221.04, 215.70)",7.242919922,"(46.33, 38.59, 31.21)",26.15283203,"(136.49, 129.95, 117.47)",,92.75708008,7.242919922
440,63.jpg,1970-01-01T00:00:00.000,66.60424805,"(226.53, 221.04, 215.70)",7.242919922,"(46.33, 38.59, 31.21)",26.15283203,"(136.49, 129.95, 117.47)",,92.75708008,7.242919922
441,64.jpg,1970-01-01T00:00:00.000,68.8503418,"(226.53, 221.04, 215.70)",6.959472656,"(46.33, 38.59, 31.21)",24.19018555,"(136.49, 129.95, 117.47)",,93.04052735,6.959472656
201,64.jpg,1970-01-01T00:00:00.000,68.8503418,"(226.53, 221.04, 215.70)",6.959472656,"(46.33, 38.59, 31.21)",24.19018555,"(136.49, 129.95, 117.47)",,93.04052735,6.959472656
202,65.jpg,1970-01-01T00:00:00.000,63.57128906,"(226.53, 221.04, 215.70)",10.45361328,"(46.33, 38.59, 31.21)",25.97509766,"(136.49, 129.95, 117.47)",,89.54638672,10.45361328
442,65.jpg,1970-01-01T00:00:00.000,63.57128906,"(226.53, 221.04, 215.70)",10.45361328,"(46.33, 38.59, 31.21)",25.97509766,"(136.49, 129.95, 117.47)",,89.54638672,10.45361328
443,66.jpg,1970-01-01T00:00:00.000,80.37207031,"(226.53, 221.04, 215.70)",4.105224609,"(46.33, 38.59, 31.21)",15.522705078124998,"(136.49, 129.95, 117.47)",,95.89477539,4.105224609
203,66.jpg,1970-01-01T00:00:00.000,80.37207031,"(226.53, 221.04, 215.70)",4.105224609,"(46.33, 38.59, 31.21)",15.522705078124998,"(136.49, 129.95, 117.47)",,95.89477539,4.105224609
204,67.jpg,1970-01-01T00:00:00.000,70.62597656,"(226.53, 221.04, 215.70)",0.024902344,"(46.33, 38.59, 31.21)",29.349121093750004,"(136.49, 129.95, 117.47)",,99.97509765,0.024902344
444,67.jpg,1970-01-01T00:00:00.000,70.62597656,"(226.53, 221.04, 215.70)",0.024902344,"(46.33, 38.59, 31.21)",29.349121093750004,"(136.49, 129.95, 117.47)",,99.97509765,0.024902344
205,68.jpg,1970-01-01T00:00:00.000,50.03149414,"(226.53, 221.04, 215.70)",5.960449219,"(46.33, 38.59, 31.21)",44.00805664,"(136.49, 129.95, 117.47)",,94.03955078,5.960449219
445,68.jpg,1970-01-01T00:00:00.000,50.03149414,"(226.53, 221.04, 215.70)",5.960449219,"(46.33, 38.59, 31.21)",44.00805664,"(136.49, 129.95, 117.47)",,94.03955078,5.960449219
206,69.jpg,1970-01-01T00:00:00.000,70.48339844,"(226.53, 221.04, 215.70)",4.803955078,"(46.33, 38.59, 31.21)",24.71264648,"(136.49, 129.95, 117.47)",,95.19604492,4.803955078
446,69.jpg,1970-01-01T00:00:00.000,70.48339844,"(226.53, 221.04, 215.70)",4.803955078,"(46.33, 38.59, 31.21)",24.71264648,"(136.49, 129.95, 117.47)",,95.19604492,4.803955078
448,70.jpg,1970-01-01T00:00:00.000,63.56103516,"(226.53, 221.04, 215.70)",9.423095703,"(46.33, 38.59, 31.21)",27.01586914,"(136.49, 129.95, 117.47)",,90.5769043,9.423095703
208,70.jpg,1970-01-01T00:00:00.000,63.56103516,"(226.53, 221.04, 215.70)",9.423095703,"(46.33, 38.59, 31.21)",27.01586914,"(136.49, 129.95, 117.47)",,90.5769043,9.423095703
209,71.jpg,1970-01-01T00:00:00.000,28.64257813,"(226.53, 221.04, 215.70)",1.649902344,"(46.33, 38.59, 31.21)",69.70751953,"(136.49, 129.95, 117.47)",,98.35009766,1.649902344
449,71.jpg,1970-01-01T00:00:00.000,28.64257813,"(226.53, 221.04, 215.70)",1.649902344,"(46.33, 38.59, 31.21)",69.70751953,"(136.49, 129.95, 117.47)",,98.35009766,1.649902344
450,72.jpg,1970-01-01T00:00:00.000,67.08081055,"(226.53, 221.04, 215.70)",11.03051758,"(46.33, 38.59, 31.21)",21.88867188,"(136.49, 129.95, 117.47)",,88.96948243,11.03051758
210,72.jpg,1970-01-01T00:00:00.000,67.08081055,"(226.53, 221.04, 215.70)",11.03051758,"(46.33, 38.59, 31.21)",21.88867188,"(136.49, 129.95, 117.47)",,88.96948243,11.03051758
211,73.jpg,1970-01-01T00:00:00.000,75.14379883,"(226.53, 221.04, 215.70)",0.864746094,"(46.33, 38.59, 31.21)",23.99145508,"(136.49, 129.95, 117.47)",,99.13525391,0.864746094
451,73.jpg,1970-01-01T00:00:00.000,75.14379883,"(226.53, 221.04, 215.70)",0.864746094,"(46.33, 38.59, 31.21)",23.99145508,"(136.49, 129.95, 117.47)",,99.13525391,0.864746094
212,74.jpg,1970-01-01T00:00:00.000,94.34912109,"(226.53, 221.04, 215.70)",0.077636719,"(46.33, 38.59, 31.21)",5.573242188,"(136.49, 129.95, 117.47)",,99.92236328,0.077636719
452,74.jpg,1970-01-01T00:00:00.000,94.34912109,"(226.53, 221.04, 215.70)",0.077636719,"(46.33, 38.59, 31.21)",5.573242188,"(136.49, 129.95, 117.47)",,99.92236328,0.077636719
213,75.jpg,1970-01-01T00:00:00.000,36.64428711,"(226.53, 221.04, 215.70)",55.98657227,"(46.33, 38.59, 31.21)",7.369140624999999,"(136.49, 129.95, 117.47)",,44.01342774,55.98657227
453,75.jpg,1970-01-01T00:00:00.000,36.64428711,"(226.53, 221.04, 215.70)",55.98657227,"(46.33, 38.59, 31.21)",7.369140624999999,"(136.49, 129.95, 117.47)",,44.01342774,55.98657227
214,76.jpg,1970-01-01T00:00:00.000,53.99755859374999,"(226.53, 221.04, 215.70)",19.04223633,"(46.33, 38.59, 31.21)",26.96020508,"(136.49, 129.95, 117.47)",,80.95776367,19.04223633
454,76.jpg,1970-01-01T00:00:00.000,53.99755859374999,"(226.53, 221.04, 215.70)",19.04223633,"(46.33, 38.59, 31.21)",26.96020508,"(136.49, 129.95, 117.47)",,80.95776367,19.04223633
455,77.jpg,1970-01-01T00:00:00.000,39.50268555,"(226.53, 221.04, 215.70)",37.05541992,"(46.33, 38.59, 31.21)",23.44189453,"(136.49, 129.95, 117.47)",,62.94458008,37.05541992
215,77.jpg,1970-01-01T00:00:00.000,39.50268555,"(226.53, 221.04, 215.70)",37.05541992,"(46.33, 38.59, 31.21)",23.44189453,"(136.49, 129.95, 117.47)",,62.94458008,37.05541992
216,78.jpg,1970-01-01T00:00:00.000,91.0559082,"(226.53, 221.04, 215.70)",0.154785156,"(46.33, 38.59, 31.21)",8.789306641,"(136.49, 129.95, 117.47)",,99.84521484,0.154785156
456,78.jpg,1970-01-01T00:00:00.000,91.0559082,"(226.53, 221.04, 215.70)",0.154785156,"(46.33, 38.59, 31.21)",8.789306641,"(136.49, 129.95, 117.47)",,99.84521484,0.154785156
217,79.jpg,1970-01-01T00:00:00.000,61.63525391,"(226.53, 221.04, 215.70)",15.86645508,"(46.33, 38.59, 31.21)",22.49829102,"(136.49, 129.95, 117.47)",,84.13354493,15.86645508
457,79.jpg,1970-01-01T00:00:00.000,61.63525391,"(226.53, 221.04, 215.70)",15.86645508,"(46.33, 38.59, 31.21)",22.49829102,"(136.49, 129.95, 117.47)",,84.13354493,15.86645508
219,80.jpg,1970-01-01T00:00:00.000,71.51806641,"(226.53, 221.04, 215.70)",0.62109375,"(46.33, 38.59, 31.21)",27.86083984,"(136.49, 129.95, 117.47)",,99.37890625,0.62109375
459,80.jpg,1970-01-01T00:00:00.000,71.51806641,"(226.53, 221.04, 215.70)",0.62109375,"(46.33, 38.59, 31.21)",27.86083984,"(136.49, 129.95, 117.47)",,99.37890625,0.62109375
460,81.jpg,1970-01-01T00:00:00.000,45.10595703,"(226.53, 221.04, 215.70)",11.33227539,"(46.33, 38.59, 31.21)",43.56176758,"(136.49, 129.95, 117.47)",,88.66772461,11.33227539
220,81.jpg,1970-01-01T00:00:00.000,45.10595703,"(226.53, 221.04, 215.70)",11.33227539,"(46.33, 38.59, 31.21)",43.56176758,"(136.49, 129.95, 117.47)",,88.66772461,11.33227539
461,82.jpg,1970-01-01T00:00:00.000,98.27905273,"(226.53, 221.04, 215.70)",0.014160156249999998,"(46.33, 38.59, 31.21)",1.706787109,"(136.49, 129.95, 117.47)",,99.98583984,0.014160156249999998
221,82.jpg,1970-01-01T00:00:00.000,98.27905273,"(226.53, 221.04, 215.70)",0.014160156249999998,"(46.33, 38.59, 31.21)",1.706787109,"(136.49, 129.95, 117.47)",,99.98583984,0.014160156249999998
462,83.jpg,1970-01-01T00:00:00.000,65.29223633,"(226.53, 221.04, 215.70)",31.22509766,"(46.33, 38.59, 31.21)",3.482666016,"(136.49, 129.95, 117.47)",,68.77490235,31.22509766
222,83.jpg,1970-01-01T00:00:00.000,65.29223633,"(226.53, 221.04, 215.70)",31.22509766,"(46.33, 38.59, 31.21)",3.482666016,"(136.49, 129.95, 117.47)",,68.77490235,31.22509766
463,84.jpg,1970-01-01T00:00:00.000,82.32128906,"(226.53, 221.04, 215.70)",5.075439453,"(46.33, 38.59, 31.21)",12.60327148,"(136.49, 129.95, 117.47)",,94.92456054,5.075439453
223,84.jpg,1970-01-01T00:00:00.000,82.32128906,"(226.53, 221.04, 215.70)",5.075439453,"(46.33, 38.59, 31.21)",12.60327148,"(136.49, 129.95, 117.47)",,94.92456054,5.075439453
464,85.jpg,1970-01-01T00:00:00.000,56.54345703,"(226.53, 221.04, 215.70)",25.62841797,"(46.33, 38.59, 31.21)",17.828125,"(136.49, 129.95, 117.47)",,74.37158203,25.62841797
224,85.jpg,1970-01-01T00:00:00.000,56.54345703,"(226.53, 221.04, 215.70)",25.62841797,"(46.33, 38.59, 31.21)",17.828125,"(136.49, 129.95, 117.47)",,74.37158203,25.62841797
225,86.jpg,1970-01-01T00:00:00.000,63.25878906,"(226.53, 221.04, 215.70)",13.18701172,"(46.33, 38.59, 31.21)",23.55419922,"(136.49, 129.95, 117.47)",,86.81298828,13.18701172
465,86.jpg,1970-01-01T00:00:00.000,63.25878906,"(226.53, 221.04, 215.70)",13.18701172,"(46.33, 38.59, 31.21)",23.55419922,"(136.49, 129.95, 117.47)",,86.81298828,13.18701172
226,87.jpg,1970-01-01T00:00:00.000,80.55126953,"(226.53, 221.04, 215.70)",1.8015136718750002,"(46.33, 38.59, 31.21)",17.6472168,"(136.49, 129.95, 117.47)",,98.19848633,1.8015136718750002
466,87.jpg,1970-01-01T00:00:00.000,80.55126953,"(226.53, 221.04, 215.70)",1.8015136718750002,"(46.33, 38.59, 31.21)",17.6472168,"(136.49, 129.95, 117.47)",,98.19848633,1.8015136718750002
227,88.jpg,1970-01-01T00:00:00.000,82.31567383,"(226.53, 221.04, 215.70)",12.23095703,"(46.33, 38.59, 31.21)",5.453369141,"(136.49, 129.95, 117.47)",,87.76904297,12.23095703
467,88.jpg,1970-01-01T00:00:00.000,82.31567383,"(226.53, 221.04, 215.70)",12.23095703,"(46.33, 38.59, 31.21)",5.453369141,"(136.49, 129.95, 117.47)",,87.76904297,12.23095703
468,89.jpg,1970-01-01T00:00:00.000,90.45043945,"(226.53, 221.04, 215.70)",0,"(46.33, 38.59, 31.21)",9.549560547,"(136.49, 129.95, 117.47)",,100,0
228,89.jpg,1970-01-01T00:00:00.000,90.45043945,"(226.53, 221.04, 215.70)",0,"(46.33, 38.59, 31.21)",9.549560547,"(136.49, 129.95, 117.47)",,100,0
470,90.jpg,1970-01-01T00:00:00.000,82.7175293,"(226.53, 221.04, 215.70)",0.922607422,"(46.33, 38.59, 31.21)",16.35986328,"(136.49, 129.95, 117.47)",,99.07739258,0.922607422
230,90.jpg,1970-01-01T00:00:00.000,82.7175293,"(226.53, 221.04, 215.70)",0.922607422,"(46.33, 38.59, 31.21)",16.35986328,"(136.49, 129.95, 117.47)",,99.07739258,0.922607422
471,91.jpg,1970-01-01T00:00:00.000,68.01586914,"(226.53, 221.04, 215.70)",8.466796875,"(46.33, 38.59, 31.21)",23.51733398,"(136.49, 129.95, 117.47)",,91.53320312,8.466796875
231,91.jpg,1970-01-01T00:00:00.000,68.01586914,"(226.53, 221.04, 215.70)",8.466796875,"(46.33, 38.59, 31.21)",23.51733398,"(136.49, 129.95, 117.47)",,91.53320312,8.466796875
232,92.jpg,1970-01-01T00:00:00.000,20.11035156,"(226.53, 221.04, 215.70)",64.72338867,"(46.33, 38.59, 31.21)",15.16625977,"(136.49, 129.95, 117.47)",,35.27661133,64.72338867
472,92.jpg,1970-01-01T00:00:00.000,20.11035156,"(226.53, 221.04, 215.70)",64.72338867,"(46.33, 38.59, 31.21)",15.16625977,"(136.49, 129.95, 117.47)",,35.27661133,64.72338867
473,93.jpg,1970-01-01T00:00:00.000,71.84472656,"(226.53, 221.04, 215.70)",2.485351563,"(46.33, 38.59, 31.21)",25.66992188,"(136.49, 129.95, 117.47)",,97.51464844,2.485351563
233,93.jpg,1970-01-01T00:00:00.000,71.84472656,"(226.53, 221.04, 215.70)",2.485351563,"(46.33, 38.59, 31.21)",25.66992188,"(136.49, 129.95, 117.47)",,97.51464844,2.485351563
234,94.jpg,1970-01-01T00:00:00.000,86.6159668,"(226.53, 221.04, 215.70)",0.002441406,"(46.33, 38.59, 31.21)",13.3815918,"(136.49, 129.95, 117.47)",,99.9975586,0.002441406
474,94.jpg,1970-01-01T00:00:00.000,86.6159668,"(226.53, 221.04, 215.70)",0.002441406,"(46.33, 38.59, 31.21)",13.3815918,"(136.49, 129.95, 117.47)",,99.9975586,0.002441406
475,95.jpg,1970-01-01T00:00:00.000,59.95019531,"(226.53, 221.04, 215.70)",0.215332031,"(46.33, 38.59, 31.21)",39.83447266,"(136.49, 129.95, 117.47)",,99.78466797,0.215332031
235,95.jpg,1970-01-01T00:00:00.000,59.95019531,"(226.53, 221.04, 215.70)",0.215332031,"(46.33, 38.59, 31.21)",39.83447266,"(136.49, 129.95, 117.47)",,99.78466797,0.215332031
476,96.jpg,1970-01-01T00:00:00.000,64.08935547,"(226.53, 221.04, 215.70)",22.48632813,"(46.33, 38.59, 31.21)",13.42431641,"(136.49, 129.95, 117.47)",,77.51367188,22.48632813
236,96.jpg,1970-01-01T00:00:00.000,64.08935547,"(226.53, 221.04, 215.70)",22.48632813,"(46.33, 38.59, 31.21)",13.42431641,"(136.49, 129.95, 117.47)",,77.51367188,22.48632813
237,97.jpg,1970-01-01T00:00:00.000,61.13305664062501,"(226.53, 221.04, 215.70)",20.46044922,"(46.33, 38.59, 31.21)",18.40649414,"(136.49, 129.95, 117.47)",,79.53955078,20.46044922
477,97.jpg,1970-01-01T00:00:00.000,61.13305664062501,"(226.53, 221.04, 215.70)",20.46044922,"(46.33, 38.59, 31.21)",18.40649414,"(136.49, 129.95, 117.47)",,79.53955078,20.46044922
478,98.jpg,1970-01-01T00:00:00.000,53.11645508,"(226.53, 221.04, 215.70)",0.10620117187499999,"(46.33, 38.59, 31.21)",46.77734375,"(136.49, 129.95, 117.47)",,99.89379883,0.10620117187499999
238,98.jpg,1970-01-01T00:00:00.000,53.11645508,"(226.53, 221.04, 215.70)",0.10620117187499999,"(46.33, 38.59, 31.21)",46.77734375,"(136.49, 129.95, 117.47)",,99.89379883,0.10620117187499999
239,99.jpg,1970-01-01T00:00:00.000,37.34912109,"(226.53, 221.04, 215.70)",1.272949219,"(46.33, 38.59, 31.21)",61.37792969,"(136.49, 129.95, 117.47)",,98.72705078,1.272949219
479,99.jpg,1970-01-01T00:00:00.000,37.34912109,"(226.53, 221.04, 215.70)",1.272949219,"(46.33, 38.59, 31.21)",61.37792969,"(136.49, 129.95, 117.47)",,98.72705078,1.272949219
243,100.jpg,1970-01-01T00:00:00.000,99.0715332,"(226.53, 221.04, 215.70)",0,"(46.33, 38.59, 31.21)",0.928466797,"(136.49, 129.95, 117.47)",,100,0
3,100.jpg,1970-01-01T00:00:00.000,99.0715332,"(226.53, 221.04, 215.70)",0,"(46.33, 38.59, 31.21)",0.928466797,"(136.49, 129.95, 117.47)",,100,0
4,101.jpg,1970-01-01T00:00:00.000,49.19775391,"(226.53, 221.04, 215.70)",38.01269531,"(46.33, 38.59, 31.21)",12.78955078,"(136.49, 129.95, 117.47)",,61.98730469,38.01269531
244,101.jpg,1970-01-01T00:00:00.000,49.19775391,"(226.53, 221.04, 215.70)",38.01269531,"(46.33, 38.59, 31.21)",12.78955078,"(136.49, 129.95, 117.47)",,61.98730469,38.01269531
5,102.jpg,1970-01-01T00:00:00.000,97.82250977,"(226.53, 221.04, 215.70)",0.034912109,"(46.33, 38.59, 31.21)",2.142578125,"(136.49, 129.95, 117.47)",,99.9650879,0.034912109
245,102.jpg,1970-01-01T00:00:00.000,97.82250977,"(226.53, 221.04, 215.70)",0.034912109,"(46.33, 38.59, 31.21)",2.142578125,"(136.49, 129.95, 117.47)",,99.9650879,0.034912109
6,103.jpg,1970-01-01T00:00:00.000,38.13110352,"(226.53, 221.04, 215.70)",25.8840332,"(46.33, 38.59, 31.21)",35.98486328,"(136.49, 129.95, 117.47)",,74.1159668,25.8840332
246,103.jpg,1970-01-01T00:00:00.000,38.13110352,"(226.53, 221.04, 215.70)",25.8840332,"(46.33, 38.59, 31.21)",35.98486328,"(136.49, 129.95, 117.47)",,74.1159668,25.8840332
7,104.jpg,1970-01-01T00:00:00.000,56.82421875,"(226.53, 221.04, 215.70)",20.7043457,"(46.33, 38.59, 31.21)",22.47143555,"(136.49, 129.95, 117.47)",,79.2956543,20.7043457
247,104.jpg,1970-01-01T00:00:00.000,56.82421875,"(226.53, 221.04, 215.70)",20.7043457,"(46.33, 38.59, 31.21)",22.47143555,"(136.49, 129.95, 117.47)",,79.2956543,20.7043457
248,105.jpg,1970-01-01T00:00:00.000,86.71777344,"(226.53, 221.04, 215.70)",1.109130859,"(46.33, 38.59, 31.21)",12.1730957,"(136.49, 129.95, 117.47)",,98.89086914,1.109130859
8,105.jpg,1970-01-01T00:00:00.000,86.71777344,"(226.53, 221.04, 215.70)",1.109130859,"(46.33, 38.59, 31.21)",12.1730957,"(136.49, 129.95, 117.47)",,98.89086914,1.109130859
249,106.jpg,1970-01-01T00:00:00.000,64.96630859,"(226.53, 221.04, 215.70)",13.38232422,"(46.33, 38.59, 31.21)",21.65136719,"(136.49, 129.95, 117.47)",,86.61767578,13.38232422
9,106.jpg,1970-01-01T00:00:00.000,64.96630859,"(226.53, 221.04, 215.70)",13.38232422,"(46.33, 38.59, 31.21)",21.65136719,"(136.49, 129.95, 117.47)",,86.61767578,13.38232422
10,107.jpg,1970-01-01T00:00:00.000,71.46020508,"(226.53, 221.04, 215.70)",11.35180664,"(46.33, 38.59, 31.21)",17.18798828,"(136.49, 129.95, 117.47)",,88.64819336,11.35180664
250,107.jpg,1970-01-01T00:00:00.000,71.46020508,"(226.53, 221.04, 215.70)",11.35180664,"(46.33, 38.59, 31.21)",17.18798828,"(136.49, 129.95, 117.47)",,88.64819336,11.35180664
11,108.jpg,1970-01-01T00:00:00.000,57.515625,"(226.53, 221.04, 215.70)",19.1003418,"(46.33, 38.59, 31.21)",23.3840332,"(136.49, 129.95, 117.47)",,80.8996582,19.1003418
251,108.jpg,1970-01-01T00:00:00.000,57.515625,"(226.53, 221.04, 215.70)",19.1003418,"(46.33, 38.59, 31.21)",23.3840332,"(136.49, 129.95, 117.47)",,80.8996582,19.1003418
12,109.jpg,1970-01-01T00:00:00.000,58.58520508,"(226.53, 221.04, 215.70)",19.89550781,"(46.33, 38.59, 31.21)",21.51928711,"(136.49, 129.95, 117.47)",,80.10449219,19.89550781
252,109.jpg,1970-01-01T00:00:00.000,58.58520508,"(226.53, 221.04, 215.70)",19.89550781,"(46.33, 38.59, 31.21)",21.51928711,"(136.49, 129.95, 117.47)",,80.10449219,19.89550781
14,110.jpg,1970-01-01T00:00:00.000,27.49536133,"(226.53, 221.04, 215.70)",1.198730469,"(46.33, 38.59, 31.21)",71.3059082,"(136.49, 129.95, 117.47)",,98.80126953,1.198730469
254,110.jpg,1970-01-01T00:00:00.000,27.49536133,"(226.53, 221.04, 215.70)",1.198730469,"(46.33, 38.59, 31.21)",71.3059082,"(136.49, 129.95, 117.47)",,98.80126953,1.198730469
15,111.jpg,1970-01-01T00:00:00.000,45.64770508,"(226.53, 221.04, 215.70)",1.129638672,"(46.33, 38.59, 31.21)",53.22265625,"(136.49, 129.95, 117.47)",,98.87036133,1.129638672
255,111.jpg,1970-01-01T00:00:00.000,45.64770508,"(226.53, 221.04, 215.70)",1.129638672,"(46.33, 38.59, 31.21)",53.22265625,"(136.49, 129.95, 117.47)",,98.87036133,1.129638672
16,112.jpg,1970-01-01T00:00:00.000,98.88842773,"(226.53, 221.04, 215.70)",0.002197266,"(46.33, 38.59, 31.21)",1.109375,"(136.49, 129.95, 117.47)",,99.99780273,0.002197266
256,112.jpg,1970-01-01T00:00:00.000,98.88842773,"(226.53, 221.04, 215.70)",0.002197266,"(46.33, 38.59, 31.21)",1.109375,"(136.49, 129.95, 117.47)",,99.99780273,0.002197266
17,113.jpg,1970-01-01T00:00:00.000,41.73803711,"(226.53, 221.04, 215.70)",7.994873046875001,"(46.33, 38.59, 31.21)",50.26708984,"(136.49, 129.95, 117.47)",,92.00512695,7.994873046875001
257,113.jpg,1970-01-01T00:00:00.000,41.73803711,"(226.53, 221.04, 215.70)",7.994873046875001,"(46.33, 38.59, 31.21)",50.26708984,"(136.49, 129.95, 117.47)",,92.00512695,7.994873046875001
18,114.jpg,1970-01-01T00:00:00.000,40.77197266,"(226.53, 221.04, 215.70)",40.84814453,"(46.33, 38.59, 31.21)",18.37988281,"(136.49, 129.95, 117.47)",,59.15185547,40.84814453
258,114.jpg,1970-01-01T00:00:00.000,40.77197266,"(226.53, 221.04, 215.70)",40.84814453,"(46.33, 38.59, 31.21)",18.37988281,"(136.49, 129.95, 117.47)",,59.15185547,40.84814453
19,115.jpg,1970-01-01T00:00:00.000,21.59057617,"(226.53, 221.04, 215.70)",65.64160156,"(46.33, 38.59, 31.21)",12.76782227,"(136.49, 129.95, 117.47)",,34.35839844,65.64160156
259,115.jpg,1970-01-01T00:00:00.000,21.59057617,"(226.53, 221.04, 215.70)",65.64160156,"(46.33, 38.59, 31.21)",12.76782227,"(136.49, 129.95, 117.47)",,34.35839844,65.64160156
260,116.jpg,1970-01-01T00:00:00.000,76.51733398,"(226.53, 221.04, 215.70)",0.183837891,"(46.33, 38.59, 31.21)",23.29882813,"(136.49, 129.95, 117.47)",,99.81616211,0.183837891
20,116.jpg,1970-01-01T00:00:00.000,76.51733398,"(226.53, 221.04, 215.70)",0.183837891,"(46.33, 38.59, 31.21)",23.29882813,"(136.49, 129.95, 117.47)",,99.81616211,0.183837891
261,117.jpg,1970-01-01T00:00:00.000,79.88500977,"(226.53, 221.04, 215.70)",0.366699219,"(46.33, 38.59, 31.21)",19.74829102,"(136.49, 129.95, 117.47)",,99.63330079,0.366699219
21,117.jpg,1970-01-01T00:00:00.000,79.88500977,"(226.53, 221.04, 215.70)",0.366699219,"(46.33, 38.59, 31.21)",19.74829102,"(136.49, 129.95, 117.47)",,99.63330079,0.366699219
22,118.jpg,1970-01-01T00:00:00.000,63.09179687499999,"(226.53, 221.04, 215.70)",25.50756836,"(46.33, 38.59, 31.21)",11.40063477,"(136.49, 129.95, 117.47)",,74.49243164,25.50756836
262,118.jpg,1970-01-01T00:00:00.000,63.09179687499999,"(226.53, 221.04, 215.70)",25.50756836,"(46.33, 38.59, 31.21)",11.40063477,"(136.49, 129.95, 117.47)",,74.49243164,25.50756836
263,119.jpg,1970-01-01T00:00:00.000,99.67333984,"(226.53, 221.04, 215.70)",0.001220703,"(46.33, 38.59, 31.21)",0.325439453,"(136.49, 129.95, 117.47)",,99.99877929,0.001220703
23,119.jpg,1970-01-01T00:00:00.000,99.67333984,"(226.53, 221.04, 215.70)",0.001220703,"(46.33, 38.59, 31.21)",0.325439453,"(136.49, 129.95, 117.47)",,99.99877929,0.001220703
265,120.jpg,1970-01-01T00:00:00.000,15.92041016,"(226.53, 221.04, 215.70)",0,"(46.33, 38.59, 31.21)",84.07958984,"(136.49, 129.95, 117.47)",,100,0
25,120.jpg,1970-01-01T00:00:00.000,15.92041016,"(226.53, 221.04, 215.70)",0,"(46.33, 38.59, 31.21)",84.07958984,"(136.49, 129.95, 117.47)",,100,0
26,121.jpg,1970-01-01T00:00:00.000,93.47875977,"(226.53, 221.04, 215.70)",0.002441406,"(46.33, 38.59, 31.21)",6.518798828,"(136.49, 129.95, 117.47)",,99.9975586,0.002441406
266,121.jpg,1970-01-01T00:00:00.000,93.47875977,"(226.53, 221.04, 215.70)",0.002441406,"(46.33, 38.59, 31.21)",6.518798828,"(136.49, 129.95, 117.47)",,99.9975586,0.002441406
267,122.jpg,1970-01-01T00:00:00.000,21.31518555,"(226.53, 221.04, 215.70)",30.2043457,"(46.33, 38.59, 31.21)",48.48046875,"(136.49, 129.95, 117.47)",,69.7956543,30.2043457
27,122.jpg,1970-01-01T00:00:00.000,21.31518555,"(226.53, 221.04, 215.70)",30.2043457,"(46.33, 38.59, 31.21)",48.48046875,"(136.49, 129.95, 117.47)",,69.7956543,30.2043457
268,123.jpg,1970-01-01T00:00:00.000,26.57348633,"(226.53, 221.04, 215.70)",23.83984375,"(46.33, 38.59, 31.21)",49.58666992,"(136.49, 129.95, 117.47)",,76.16015625,23.83984375
28,123.jpg,1970-01-01T00:00:00.000,26.57348633,"(226.53, 221.04, 215.70)",23.83984375,"(46.33, 38.59, 31.21)",49.58666992,"(136.49, 129.95, 117.47)",,76.16015625,23.83984375
29,125.jpg,1970-01-01T00:00:00.000,89.90356445,"(226.53, 221.04, 215.70)",1.452880859,"(46.33, 38.59, 31.21)",8.643554688,"(136.49, 129.95, 117.47)",,98.54711914,1.452880859
269,125.jpg,1970-01-01T00:00:00.000,89.90356445,"(226.53, 221.04, 215.70)",1.452880859,"(46.33, 38.59, 31.21)",8.643554688,"(136.49, 129.95, 117.47)",,98.54711914,1.452880859
270,126.jpg,1970-01-01T00:00:00.000,57.82128906,"(226.53, 221.04, 215.70)",28.41186523,"(46.33, 38.59, 31.21)",13.7668457,"(136.49, 129.95, 117.47)",,71.58813476,28.41186523
30,126.jpg,1970-01-01T00:00:00.000,57.82128906,"(226.53, 221.04, 215.70)",28.41186523,"(46.33, 38.59, 31.21)",13.7668457,"(136.49, 129.95, 117.47)",,71.58813476,28.41186523
31,127.jpg,1970-01-01T00:00:00.000,73.70654297,"(226.53, 221.04, 215.70)",7.723144531249999,"(46.33, 38.59, 31.21)",18.5703125,"(136.49, 129.95, 117.47)",,92.27685547,7.723144531249999
271,127.jpg,1970-01-01T00:00:00.000,73.70654297,"(226.53, 221.04, 215.70)",7.723144531249999,"(46.33, 38.59, 31.21)",18.5703125,"(136.49, 129.95, 117.47)",,92.27685547,7.723144531249999
32,128.jpg,1970-01-01T00:00:00.000,57.078125,"(226.53, 221.04, 215.70)",7.599121094,"(46.33, 38.59, 31.21)",35.32275391,"(136.49, 129.95, 117.47)",,92.40087891,7.599121094
272,128.jpg,1970-01-01T00:00:00.000,57.078125,"(226.53, 221.04, 215.70)",7.599121094,"(46.33, 38.59, 31.21)",35.32275391,"(136.49, 129.95, 117.47)",,92.40087891,7.599121094
33,129.jpg,1970-01-01T00:00:00.000,26.54321289,"(226.53, 221.04, 215.70)",16.50170898,"(46.33, 38.59, 31.21)",56.95507813,"(136.49, 129.95, 117.47)",,83.49829102,16.50170898
273,129.jpg,1970-01-01T00:00:00.000,26.54321289,"(226.53, 221.04, 215.70)",16.50170898,"(46.33, 38.59, 31.21)",56.95507813,"(136.49, 129.95, 117.47)",,83.49829102,16.50170898
35,130.jpg,1970-01-01T00:00:00.000,60.54174805,"(226.53, 221.04, 215.70)",9.652587891,"(46.33, 38.59, 31.21)",29.805664062499996,"(136.49, 129.95, 117.47)",,90.34741211,9.652587891
275,130.jpg,1970-01-01T00:00:00.000,60.54174805,"(226.53, 221.04, 215.70)",9.652587891,"(46.33, 38.59, 31.21)",29.805664062499996,"(136.49, 129.95, 117.47)",,90.34741211,9.652587891
276,131.jpg,1970-01-01T00:00:00.000,63.95922852,"(226.53, 221.04, 215.70)",14.36474609,"(46.33, 38.59, 31.21)",21.67602539,"(136.49, 129.95, 117.47)",,85.63525391,14.36474609
36,131.jpg,1970-01-01T00:00:00.000,63.95922852,"(226.53, 221.04, 215.70)",14.36474609,"(46.33, 38.59, 31.21)",21.67602539,"(136.49, 129.95, 117.47)",,85.63525391,14.36474609
37,132.jpg,1970-01-01T00:00:00.000,69.49633789,"(226.53, 221.04, 215.70)",7.507080078,"(46.33, 38.59, 31.21)",22.99658203,"(136.49, 129.95, 117.47)",,92.49291992,7.507080078
277,132.jpg,1970-01-01T00:00:00.000,69.49633789,"(226.53, 221.04, 215.70)",7.507080078,"(46.33, 38.59, 31.21)",22.99658203,"(136.49, 129.95, 117.47)",,92.49291992,7.507080078
278,133.jpg,1970-01-01T00:00:00.000,34.71191406,"(226.53, 221.04, 215.70)",7.910888671874999,"(46.33, 38.59, 31.21)",57.37719727,"(136.49, 129.95, 117.47)",,92.08911133,7.910888671874999
38,133.jpg,1970-01-01T00:00:00.000,34.71191406,"(226.53, 221.04, 215.70)",7.910888671874999,"(46.33, 38.59, 31.21)",57.37719727,"(136.49, 129.95, 117.47)",,92.08911133,7.910888671874999
279,134.jpg,1970-01-01T00:00:00.000,98.67724609,"(226.53, 221.04, 215.70)",0.33203125,"(46.33, 38.59, 31.21)",0.990722656,"(136.49, 129.95, 117.47)",,99.66796875,0.33203125
39,134.jpg,1970-01-01T00:00:00.000,98.67724609,"(226.53, 221.04, 215.70)",0.33203125,"(46.33, 38.59, 31.21)",0.990722656,"(136.49, 129.95, 117.47)",,99.66796875,0.33203125
280,135.jpg,1970-01-01T00:00:00.000,94.43579102,"(226.53, 221.04, 215.70)",0.001953125,"(46.33, 38.59, 31.21)",5.562255859,"(136.49, 129.95, 117.47)",,99.99804688,0.001953125
40,135.jpg,1970-01-01T00:00:00.000,94.43579102,"(226.53, 221.04, 215.70)",0.001953125,"(46.33, 38.59, 31.21)",5.562255859,"(136.49, 129.95, 117.47)",,99.99804688,0.001953125
41,136.jpg,1970-01-01T00:00:00.000,76.08227539,"(226.53, 221.04, 215.70)",16.69482422,"(46.33, 38.59, 31.21)",7.222900390625001,"(136.49, 129.95, 117.47)",,83.30517578,16.69482422
281,136.jpg,1970-01-01T00:00:00.000,76.08227539,"(226.53, 221.04, 215.70)",16.69482422,"(46.33, 38.59, 31.21)",7.222900390625001,"(136.49, 129.95, 117.47)",,83.30517578,16.69482422
282,137.jpg,1970-01-01T00:00:00.000,84.95849609,"(226.53, 221.04, 215.70)",9.290283203,"(46.33, 38.59, 31.21)",5.751220703,"(136.49, 129.95, 117.47)",,90.70971679,9.290283203
42,137.jpg,1970-01-01T00:00:00.000,84.95849609,"(226.53, 221.04, 215.70)",9.290283203,"(46.33, 38.59, 31.21)",5.751220703,"(136.49, 129.95, 117.47)",,90.70971679,9.290283203
283,138.jpg,1970-01-01T00:00:00.000,60.21362305,"(226.53, 221.04, 215.70)",14.357177734375002,"(46.33, 38.59, 31.21)",25.42919922,"(136.49, 129.95, 117.47)",,85.64282227,14.357177734375002
43,138.jpg,1970-01-01T00:00:00.000,60.21362305,"(226.53, 221.04, 215.70)",14.357177734375002,"(46.33, 38.59, 31.21)",25.42919922,"(136.49, 129.95, 117.47)",,85.64282227,14.357177734375002
284,139.jpg,1970-01-01T00:00:00.000,27.42431641,"(226.53, 221.04, 215.70)",67.11401367,"(46.33, 38.59, 31.21)",5.461669922,"(136.49, 129.95, 117.47)",,32.88598633,67.11401367
44,139.jpg,1970-01-01T00:00:00.000,27.42431641,"(226.53, 221.04, 215.70)",67.11401367,"(46.33, 38.59, 31.21)",5.461669922,"(136.49, 129.95, 117.47)",,32.88598633,67.11401367
286,140.jpg,1970-01-01T00:00:00.000,33.99462891,"(226.53, 221.04, 215.70)",52.84472656,"(46.33, 38.59, 31.21)",13.160644531249998,"(136.49, 129.95, 117.47)",,47.15527344,52.84472656
46,140.jpg,1970-01-01T00:00:00.000,33.99462891,"(226.53, 221.04, 215.70)",52.84472656,"(46.33, 38.59, 31.21)",13.160644531249998,"(136.49, 129.95, 117.47)",,47.15527344,52.84472656
287,141.jpg,1970-01-01T00:00:00.000,57.55224609,"(226.53, 221.04, 215.70)",17.19604492,"(46.33, 38.59, 31.21)",25.25170898,"(136.49, 129.95, 117.47)",,82.80395507,17.19604492
47,141.jpg,1970-01-01T00:00:00.000,57.55224609,"(226.53, 221.04, 215.70)",17.19604492,"(46.33, 38.59, 31.21)",25.25170898,"(136.49, 129.95, 117.47)",,82.80395507,17.19604492
48,142.jpg,1970-01-01T00:00:00.000,80.65649414,"(226.53, 221.04, 215.70)",4.619384766,"(46.33, 38.59, 31.21)",14.72412109,"(136.49, 129.95, 117.47)",,95.38061523,4.619384766
288,142.jpg,1970-01-01T00:00:00.000,80.65649414,"(226.53, 221.04, 215.70)",4.619384766,"(46.33, 38.59, 31.21)",14.72412109,"(136.49, 129.95, 117.47)",,95.38061523,4.619384766
289,143.jpg,1970-01-01T00:00:00.000,58.63305664,"(226.53, 221.04, 215.70)",23.39575195,"(46.33, 38.59, 31.21)",17.97119141,"(136.49, 129.95, 117.47)",,76.60424805,23.39575195
49,143.jpg,1970-01-01T00:00:00.000,58.63305664,"(226.53, 221.04, 215.70)",23.39575195,"(46.33, 38.59, 31.21)",17.97119141,"(136.49, 129.95, 117.47)",,76.60424805,23.39575195
50,144.jpg,1970-01-01T00:00:00.000,68.25537109,"(226.53, 221.04, 215.70)",12.708740234374998,"(46.33, 38.59, 31.21)",19.03588867,"(136.49, 129.95, 117.47)",,87.29125976,12.708740234374998
290,144.jpg,1970-01-01T00:00:00.000,68.25537109,"(226.53, 221.04, 215.70)",12.708740234374998,"(46.33, 38.59, 31.21)",19.03588867,"(136.49, 129.95, 117.47)",,87.29125976,12.708740234374998
291,145.jpg,1970-01-01T00:00:00.000,87.43554688,"(226.53, 221.04, 215.70)",0.9453125,"(46.33, 38.59, 31.21)",11.61914063,"(136.49, 129.95, 117.47)",,99.05468751,0.9453125
51,145.jpg,1970-01-01T00:00:00.000,87.43554688,"(226.53, 221.04, 215.70)",0.9453125,"(46.33, 38.59, 31.21)",11.61914063,"(136.49, 129.95, 117.47)",,99.05468751,0.9453125
52,146.jpg,1970-01-01T00:00:00.000,68.74169922,"(226.53, 221.04, 215.70)",21.31982422,"(46.33, 38.59, 31.21)",9.938476563,"(136.49, 129.95, 117.47)",,78.68017578,21.31982422
292,146.jpg,1970-01-01T00:00:00.000,68.74169922,"(226.53, 221.04, 215.70)",21.31982422,"(46.33, 38.59, 31.21)",9.938476563,"(136.49, 129.95, 117.47)",,78.68017578,21.31982422
53,147.jpg,1970-01-01T00:00:00.000,6.42578125,"(226.53, 221.04, 215.70)",3.5388183593749996,"(46.33, 38.59, 31.21)",90.03540039,"(136.49, 129.95, 117.47)",,96.46118164,3.5388183593749996
293,147.jpg,1970-01-01T00:00:00.000,6.42578125,"(226.53, 221.04, 215.70)",3.5388183593749996,"(46.33, 38.59, 31.21)",90.03540039,"(136.49, 129.95, 117.47)",,96.46118164,3.5388183593749996
294,148.jpg,1970-01-01T00:00:00.000,34.43847656,"(226.53, 221.04, 215.70)",12.23608398,"(46.33, 38.59, 31.21)",53.32543945,"(136.49, 129.95, 117.47)",,87.76391601,12.23608398
54,148.jpg,1970-01-01T00:00:00.000,34.43847656,"(226.53, 221.04, 215.70)",12.23608398,"(46.33, 38.59, 31.21)",53.32543945,"(136.49, 129.95, 117.47)",,87.76391601,12.23608398
295,149.jpg,1970-01-01T00:00:00.000,24.55688477,"(226.53, 221.04, 215.70)",20.99780273,"(46.33, 38.59, 31.21)",54.4453125,"(136.49, 129.95, 117.47)",,79.00219727,20.99780273
55,149.jpg,1970-01-01T00:00:00.000,24.55688477,"(226.53, 221.04, 215.70)",20.99780273,"(46.33, 38.59, 31.21)",54.4453125,"(136.49, 129.95, 117.47)",,79.00219727,20.99780273
57,150.jpg,1970-01-01T00:00:00.000,29.64013672,"(226.53, 221.04, 215.70)",17.39892578,"(46.33, 38.59, 31.21)",52.96093750000001,"(136.49, 129.95, 117.47)",,82.60107422,17.39892578
297,150.jpg,1970-01-01T00:00:00.000,29.64013672,"(226.53, 221.04, 215.70)",17.39892578,"(46.33, 38.59, 31.21)",52.96093750000001,"(136.49, 129.95, 117.47)",,82.60107422,17.39892578
298,151.jpg,1970-01-01T00:00:00.000,48.24316406,"(226.53, 221.04, 215.70)",22.16796875,"(46.33, 38.59, 31.21)",29.58886719,"(136.49, 129.95, 117.47)",,77.83203125,22.16796875
58,151.jpg,1970-01-01T00:00:00.000,48.24316406,"(226.53, 221.04, 215.70)",22.16796875,"(46.33, 38.59, 31.21)",29.58886719,"(136.49, 129.95, 117.47)",,77.83203125,22.16796875
59,152.jpg,1970-01-01T00:00:00.000,16.45361328,"(226.53, 221.04, 215.70)",80.02075195,"(46.33, 38.59, 31.21)",3.525634766,"(136.49, 129.95, 117.47)",,19.97924805,80.02075195
299,152.jpg,1970-01-01T00:00:00.000,16.45361328,"(226.53, 221.04, 215.70)",80.02075195,"(46.33, 38.59, 31.21)",3.525634766,"(136.49, 129.95, 117.47)",,19.97924805,80.02075195
300,153.jpg,1970-01-01T00:00:00.000,41.48950195,"(226.53, 221.04, 215.70)",26.625,"(46.33, 38.59, 31.21)",31.88549805,"(136.49, 129.95, 117.47)",,73.375,26.625
60,153.jpg,1970-01-01T00:00:00.000,41.48950195,"(226.53, 221.04, 215.70)",26.625,"(46.33, 38.59, 31.21)",31.88549805,"(136.49, 129.95, 117.47)",,73.375,26.625
61,154.jpg,1970-01-01T00:00:00.000,22.48852539,"(226.53, 221.04, 215.70)",65.44873047,"(46.33, 38.59, 31.21)",12.06274414,"(136.49, 129.95, 117.47)",,34.55126953,65.44873047
301,154.jpg,1970-01-01T00:00:00.000,22.48852539,"(226.53, 221.04, 215.70)",65.44873047,"(46.33, 38.59, 31.21)",12.06274414,"(136.49, 129.95, 117.47)",,34.55126953,65.44873047
302,155.jpg,1970-01-01T00:00:00.000,41.70751953,"(226.53, 221.04, 215.70)",17.02050781,"(46.33, 38.59, 31.21)",41.27197266,"(136.49, 129.95, 117.47)",,82.97949219,17.02050781
62,155.jpg,1970-01-01T00:00:00.000,41.70751953,"(226.53, 221.04, 215.70)",17.02050781,"(46.33, 38.59, 31.21)",41.27197266,"(136.49, 129.95, 117.47)",,82.97949219,17.02050781
63,156.jpg,1970-01-01T00:00:00.000,42.08422852,"(226.53, 221.04, 215.70)",23.9675293,"(46.33, 38.59, 31.21)",33.94824219,"(136.49, 129.95, 117.47)",,76.03247071,23.9675293
303,156.jpg,1970-01-01T00:00:00.000,42.08422852,"(226.53, 221.04, 215.70)",23.9675293,"(46.33, 38.59, 31.21)",33.94824219,"(136.49, 129.95, 117.47)",,76.03247071,23.9675293
304,157.jpg,1970-01-01T00:00:00.000,40.4296875,"(226.53, 221.04, 215.70)",19.54467773,"(46.33, 38.59, 31.21)",40.02563477,"(136.49, 129.95, 117.47)",,80.45532227,19.54467773
64,157.jpg,1970-01-01T00:00:00.000,40.4296875,"(226.53, 221.04, 215.70)",19.54467773,"(46.33, 38.59, 31.21)",40.02563477,"(136.49, 129.95, 117.47)",,80.45532227,19.54467773
305,158.jpg,1970-01-01T00:00:00.000,45.37524414,"(226.53, 221.04, 215.70)",25.039062499999996,"(46.33, 38.59, 31.21)",29.58569336,"(136.49, 129.95, 117.47)",,74.9609375,25.039062499999996
65,158.jpg,1970-01-01T00:00:00.000,45.37524414,"(226.53, 221.04, 215.70)",25.039062499999996,"(46.33, 38.59, 31.21)",29.58569336,"(136.49, 129.95, 117.47)",,74.9609375,25.039062499999996
306,159.jpg,1970-01-01T00:00:00.000,42.72314453,"(226.53, 221.04, 215.70)",25.98999023,"(46.33, 38.59, 31.21)",31.28686523,"(136.49, 129.95, 117.47)",,74.01000976,25.98999023
66,159.jpg,1970-01-01T00:00:00.000,42.72314453,"(226.53, 221.04, 215.70)",25.98999023,"(46.33, 38.59, 31.21)",31.28686523,"(136.49, 129.95, 117.47)",,74.01000976,25.98999023
308,160.jpg,1970-01-01T00:00:00.000,41.48461914,"(226.53, 221.04, 215.70)",20.67480469,"(46.33, 38.59, 31.21)",37.84057617,"(136.49, 129.95, 117.47)",,79.32519531,20.67480469
68,160.jpg,1970-01-01T00:00:00.000,41.48461914,"(226.53, 221.04, 215.70)",20.67480469,"(46.33, 38.59, 31.21)",37.84057617,"(136.49, 129.95, 117.47)",,79.32519531,20.67480469
69,161.jpg,1970-01-01T00:00:00.000,28.340820312499996,"(226.53, 221.04, 215.70)",31.54394531,"(46.33, 38.59, 31.21)",40.11523438,"(136.49, 129.95, 117.47)",,68.45605469,31.54394531
309,161.jpg,1970-01-01T00:00:00.000,28.340820312499996,"(226.53, 221.04, 215.70)",31.54394531,"(46.33, 38.59, 31.21)",40.11523438,"(136.49, 129.95, 117.47)",,68.45605469,31.54394531
70,162.jpg,1970-01-01T00:00:00.000,35.72412109,"(226.53, 221.04, 215.70)",12.14282227,"(46.33, 38.59, 31.21)",52.13305664,"(136.49, 129.95, 117.47)",,87.85717773,12.14282227
310,162.jpg,1970-01-01T00:00:00.000,35.72412109,"(226.53, 221.04, 215.70)",12.14282227,"(46.33, 38.59, 31.21)",52.13305664,"(136.49, 129.95, 117.47)",,87.85717773,12.14282227
311,163.jpg,1970-01-01T00:00:00.000,23.18261719,"(226.53, 221.04, 215.70)",31.44458008,"(46.33, 38.59, 31.21)",45.37280273,"(136.49, 129.95, 117.47)",,68.55541992,31.44458008
71,163.jpg,1970-01-01T00:00:00.000,23.18261719,"(226.53, 221.04, 215.70)",31.44458008,"(46.33, 38.59, 31.21)",45.37280273,"(136.49, 129.95, 117.47)",,68.55541992,31.44458008
312,164.jpg,1970-01-01T00:00:00.000,26.34130859,"(226.53, 221.04, 215.70)",7.837402344,"(46.33, 38.59, 31.21)",65.82128906,"(136.49, 129.95, 117.47)",,92.16259765,7.837402344
72,164.jpg,1970-01-01T00:00:00.000,26.34130859,"(226.53, 221.04, 215.70)",7.837402344,"(46.33, 38.59, 31.21)",65.82128906,"(136.49, 129.95, 117.47)",,92.16259765,7.837402344
73,165.jpg,1970-01-01T00:00:00.000,55.77075195,"(226.53, 221.04, 215.70)",30.60253906,"(46.33, 38.59, 31.21)",13.62670898,"(136.49, 129.95, 117.47)",,69.39746093,30.60253906
313,165.jpg,1970-01-01T00:00:00.000,55.77075195,"(226.53, 221.04, 215.70)",30.60253906,"(46.33, 38.59, 31.21)",13.62670898,"(136.49, 129.95, 117.47)",,69.39746093,30.60253906
314,166.jpg,1970-01-01T00:00:00.000,55.36157227,"(226.53, 221.04, 215.70)",19.98364258,"(46.33, 38.59, 31.21)",24.65478516,"(136.49, 129.95, 117.47)",,80.01635743,19.98364258
74,166.jpg,1970-01-01T00:00:00.000,55.36157227,"(226.53, 221.04, 215.70)",19.98364258,"(46.33, 38.59, 31.21)",24.65478516,"(136.49, 129.95, 117.47)",,80.01635743,19.98364258
75,167.jpg,1970-01-01T00:00:00.000,50.95776367,"(226.53, 221.04, 215.70)",24.33618164,"(46.33, 38.59, 31.21)",24.70605469,"(136.49, 129.95, 117.47)",,75.66381836,24.33618164
315,167.jpg,1970-01-01T00:00:00.000,50.95776367,"(226.53, 221.04, 215.70)",24.33618164,"(46.33, 38.59, 31.21)",24.70605469,"(136.49, 129.95, 117.47)",,75.66381836,24.33618164
316,168.jpg,1970-01-01T00:00:00.000,42.75683594,"(226.53, 221.04, 215.70)",27.69262695,"(46.33, 38.59, 31.21)",29.550537109375004,"(136.49, 129.95, 117.47)",,72.30737305,27.69262695
76,168.jpg,1970-01-01T00:00:00.000,42.75683594,"(226.53, 221.04, 215.70)",27.69262695,"(46.33, 38.59, 31.21)",29.550537109375004,"(136.49, 129.95, 117.47)",,72.30737305,27.69262695
317,169.jpg,1970-01-01T00:00:00.000,47.72363281,"(226.53, 221.04, 215.70)",23.77197266,"(46.33, 38.59, 31.21)",28.50439453,"(136.49, 129.95, 117.47)",,76.22802734,23.77197266
77,169.jpg,1970-01-01T00:00:00.000,47.72363281,"(226.53, 221.04, 215.70)",23.77197266,"(46.33, 38.59, 31.21)",28.50439453,"(136.49, 129.95, 117.47)",,76.22802734,23.77197266
79,170.jpg,1970-01-01T00:00:00.000,35.36694336,"(226.53, 221.04, 215.70)",18.34057617,"(46.33, 38.59, 31.21)",46.29248047,"(136.49, 129.95, 117.47)",,81.65942383,18.34057617
319,170.jpg,1970-01-01T00:00:00.000,35.36694336,"(226.53, 221.04, 215.70)",18.34057617,"(46.33, 38.59, 31.21)",46.29248047,"(136.49, 129.95, 117.47)",,81.65942383,18.34057617
320,171.jpg,1970-01-01T00:00:00.000,82.39575195,"(226.53, 221.04, 215.70)",0.048583984,"(46.33, 38.59, 31.21)",17.55566406,"(136.49, 129.95, 117.47)",,99.95141601,0.048583984
80,171.jpg,1970-01-01T00:00:00.000,82.39575195,"(226.53, 221.04, 215.70)",0.048583984,"(46.33, 38.59, 31.21)",17.55566406,"(136.49, 129.95, 117.47)",,99.95141601,0.048583984
81,172.jpg,1970-01-01T00:00:00.000,97.38427734,"(226.53, 221.04, 215.70)",0.004150391,"(46.33, 38.59, 31.21)",2.611572266,"(136.49, 129.95, 117.47)",,99.99584961,0.004150391
321,172.jpg,1970-01-01T00:00:00.000,97.38427734,"(226.53, 221.04, 215.70)",0.004150391,"(46.33, 38.59, 31.21)",2.611572266,"(136.49, 129.95, 117.47)",,99.99584961,0.004150391
82,173.jpg,1970-01-01T00:00:00.000,93.8762207,"(226.53, 221.04, 215.70)",0.647705078,"(46.33, 38.59, 31.21)",5.476074219,"(136.49, 129.95, 117.47)",,99.35229492,0.647705078
322,173.jpg,1970-01-01T00:00:00.000,93.8762207,"(226.53, 221.04, 215.70)",0.647705078,"(46.33, 38.59, 31.21)",5.476074219,"(136.49, 129.95, 117.47)",,99.35229492,0.647705078
83,174.jpg,1970-01-01T00:00:00.000,79.57324219,"(226.53, 221.04, 215.70)",18.70581055,"(46.33, 38.59, 31.21)",1.7209472656249998,"(136.49, 129.95, 117.47)",,81.29418946,18.70581055
323,174.jpg,1970-01-01T00:00:00.000,79.57324219,"(226.53, 221.04, 215.70)",18.70581055,"(46.33, 38.59, 31.21)",1.7209472656249998,"(136.49, 129.95, 117.47)",,81.29418946,18.70581055
324,175.jpg,1970-01-01T00:00:00.000,61.09814453,"(226.53, 221.04, 215.70)",14.0534668,"(46.33, 38.59, 31.21)",24.84838867,"(136.49, 129.95, 117.47)",,85.9465332,14.0534668
84,175.jpg,1970-01-01T00:00:00.000,61.09814453,"(226.53, 221.04, 215.70)",14.0534668,"(46.33, 38.59, 31.21)",24.84838867,"(136.49, 129.95, 117.47)",,85.9465332,14.0534668
85,176.jpg,1970-01-01T00:00:00.000,51.28198242187501,"(226.53, 221.04, 215.70)",33.19458008,"(46.33, 38.59, 31.21)",15.5234375,"(136.49, 129.95, 117.47)",,66.80541992,33.19458008
325,176.jpg,1970-01-01T00:00:00.000,51.28198242187501,"(226.53, 221.04, 215.70)",33.19458008,"(46.33, 38.59, 31.21)",15.5234375,"(136.49, 129.95, 117.47)",,66.80541992,33.19458008
86,177.jpg,1970-01-01T00:00:00.000,59.45288086,"(226.53, 221.04, 215.70)",2.225097656,"(46.33, 38.59, 31.21)",38.32202148,"(136.49, 129.95, 117.47)",,97.77490234,2.225097656
326,177.jpg,1970-01-01T00:00:00.000,59.45288086,"(226.53, 221.04, 215.70)",2.225097656,"(46.33, 38.59, 31.21)",38.32202148,"(136.49, 129.95, 117.47)",,97.77490234,2.225097656
87,178.jpg,1970-01-01T00:00:00.000,54.31884766,"(226.53, 221.04, 215.70)",34.31005859,"(46.33, 38.59, 31.21)",11.37109375,"(136.49, 129.95, 117.47)",,65.68994141,34.31005859
327,178.jpg,1970-01-01T00:00:00.000,54.31884766,"(226.53, 221.04, 215.70)",34.31005859,"(46.33, 38.59, 31.21)",11.37109375,"(136.49, 129.95, 117.47)",,65.68994141,34.31005859
88,179.jpg,1970-01-01T00:00:00.000,3.547607422,"(226.53, 221.04, 215.70)",0.225585938,"(46.33, 38.59, 31.21)",96.22680664,"(136.49, 129.95, 117.47)",,99.77441406,0.225585938
328,179.jpg,1970-01-01T00:00:00.000,3.547607422,"(226.53, 221.04, 215.70)",0.225585938,"(46.33, 38.59, 31.21)",96.22680664,"(136.49, 129.95, 117.47)",,99.77441406,0.225585938
90,180.jpg,1970-01-01T00:00:00.000,26.161865234374996,"(226.53, 221.04, 215.70)",66.08544922,"(46.33, 38.59, 31.21)",7.752685547,"(136.49, 129.95, 117.47)",,33.91455078,66.08544922
330,180.jpg,1970-01-01T00:00:00.000,26.161865234374996,"(226.53, 221.04, 215.70)",66.08544922,"(46.33, 38.59, 31.21)",7.752685547,"(136.49, 129.95, 117.47)",,33.91455078,66.08544922
91,181.jpg,1970-01-01T00:00:00.000,8.881835938,"(226.53, 221.04, 215.70)",72.25854492,"(46.33, 38.59, 31.21)",18.85961914,"(136.49, 129.95, 117.47)",,27.74145508,72.25854492
331,181.jpg,1970-01-01T00:00:00.000,8.881835938,"(226.53, 221.04, 215.70)",72.25854492,"(46.33, 38.59, 31.21)",18.85961914,"(136.49, 129.95, 117.47)",,27.74145508,72.25854492
92,182.jpg,1970-01-01T00:00:00.000,5.862792969,"(226.53, 221.04, 215.70)",5.363769531,"(46.33, 38.59, 31.21)",88.7734375,"(136.49, 129.95, 117.47)",,94.63623047,5.363769531
332,182.jpg,1970-01-01T00:00:00.000,5.862792969,"(226.53, 221.04, 215.70)",5.363769531,"(46.33, 38.59, 31.21)",88.7734375,"(136.49, 129.95, 117.47)",,94.63623047,5.363769531
93,183.jpg,1970-01-01T00:00:00.000,16.30883789,"(226.53, 221.04, 215.70)",17.28979492,"(46.33, 38.59, 31.21)",66.40136719,"(136.49, 129.95, 117.47)",,82.71020508,17.28979492
333,183.jpg,1970-01-01T00:00:00.000,16.30883789,"(226.53, 221.04, 215.70)",17.28979492,"(46.33, 38.59, 31.21)",66.40136719,"(136.49, 129.95, 117.47)",,82.71020508,17.28979492
94,184.jpg,1970-01-01T00:00:00.000,38.87817383,"(226.53, 221.04, 215.70)",30.800781249999996,"(46.33, 38.59, 31.21)",30.32104492,"(136.49, 129.95, 117.47)",,69.19921875,30.800781249999996
334,184.jpg,1970-01-01T00:00:00.000,38.87817383,"(226.53, 221.04, 215.70)",30.800781249999996,"(46.33, 38.59, 31.21)",30.32104492,"(136.49, 129.95, 117.47)",,69.19921875,30.800781249999996
95,185.jpg,1970-01-01T00:00:00.000,33.4543457,"(226.53, 221.04, 215.70)",18.06958008,"(46.33, 38.59, 31.21)",48.47607422,"(136.49, 129.95, 117.47)",,81.93041992,18.06958008
335,185.jpg,1970-01-01T00:00:00.000,33.4543457,"(226.53, 221.04, 215.70)",18.06958008,"(46.33, 38.59, 31.21)",48.47607422,"(136.49, 129.95, 117.47)",,81.93041992,18.06958008
336,186.jpg,1970-01-01T00:00:00.000,14.52319336,"(226.53, 221.04, 215.70)",7.562011719,"(46.33, 38.59, 31.21)",77.91479492,"(136.49, 129.95, 117.47)",,92.43798828,7.562011719
96,186.jpg,1970-01-01T00:00:00.000,14.52319336,"(226.53, 221.04, 215.70)",7.562011719,"(46.33, 38.59, 31.21)",77.91479492,"(136.49, 129.95, 117.47)",,92.43798828,7.562011719
337,187.jpg,1970-01-01T00:00:00.000,25.31738281,"(226.53, 221.04, 215.70)",14.48144531,"(46.33, 38.59, 31.21)",60.20117188,"(136.49, 129.95, 117.47)",,85.51855469,14.48144531
97,187.jpg,1970-01-01T00:00:00.000,25.31738281,"(226.53, 221.04, 215.70)",14.48144531,"(46.33, 38.59, 31.21)",60.20117188,"(136.49, 129.95, 117.47)",,85.51855469,14.48144531
98,188.jpg,1970-01-01T00:00:00.000,31.95849609,"(226.53, 221.04, 215.70)",22.33081055,"(46.33, 38.59, 31.21)",45.71069336,"(136.49, 129.95, 117.47)",,77.66918945,22.33081055
338,188.jpg,1970-01-01T00:00:00.000,31.95849609,"(226.53, 221.04, 215.70)",22.33081055,"(46.33, 38.59, 31.21)",45.71069336,"(136.49, 129.95, 117.47)",,77.66918945,22.33081055
339,189.jpg,1970-01-01T00:00:00.000,33.76196289,"(226.53, 221.04, 215.70)",18.65307617,"(46.33, 38.59, 31.21)",47.58496094,"(136.49, 129.95, 117.47)",,81.34692383,18.65307617
99,189.jpg,1970-01-01T00:00:00.000,33.76196289,"(226.53, 221.04, 215.70)",18.65307617,"(46.33, 38.59, 31.21)",47.58496094,"(136.49, 129.95, 117.47)",,81.34692383,18.65307617
101,190.jpg,1970-01-01T00:00:00.000,11.12060547,"(226.53, 221.04, 215.70)",6.206298828,"(46.33, 38.59, 31.21)",82.6730957,"(136.49, 129.95, 117.47)",,93.79370117,6.206298828
341,190.jpg,1970-01-01T00:00:00.000,11.12060547,"(226.53, 221.04, 215.70)",6.206298828,"(46.33, 38.59, 31.21)",82.6730957,"(136.49, 129.95, 117.47)",,93.79370117,6.206298828
102,191.jpg,1970-01-01T00:00:00.000,6.171142578,"(226.53, 221.04, 215.70)",2.259277344,"(46.33, 38.59, 31.21)",91.56958008,"(136.49, 129.95, 117.47)",,97.74072266,2.259277344
342,191.jpg,1970-01-01T00:00:00.000,6.171142578,"(226.53, 221.04, 215.70)",2.259277344,"(46.33, 38.59, 31.21)",91.56958008,"(136.49, 129.95, 117.47)",,97.74072266,2.259277344
103,192.jpg,1970-01-01T00:00:00.000,10.79956055,"(226.53, 221.04, 215.70)",3.2299804687500004,"(46.33, 38.59, 31.21)",85.97045898,"(136.49, 129.95, 117.47)",,96.77001953,3.2299804687500004
343,192.jpg,1970-01-01T00:00:00.000,10.79956055,"(226.53, 221.04, 215.70)",3.2299804687500004,"(46.33, 38.59, 31.21)",85.97045898,"(136.49, 129.95, 117.47)",,96.77001953,3.2299804687500004
104,193.jpg,1970-01-01T00:00:00.000,30.67089844,"(226.53, 221.04, 215.70)",39.56396484,"(46.33, 38.59, 31.21)",29.76513672,"(136.49, 129.95, 117.47)",,60.43603516,39.56396484
344,193.jpg,1970-01-01T00:00:00.000,30.67089844,"(226.53, 221.04, 215.70)",39.56396484,"(46.33, 38.59, 31.21)",29.76513672,"(136.49, 129.95, 117.47)",,60.43603516,39.56396484
105,194.jpg,1970-01-01T00:00:00.000,4.468505859,"(226.53, 221.04, 215.70)",0.20458984375000003,"(46.33, 38.59, 31.21)",95.3269043,"(136.49, 129.95, 117.47)",,99.79541016,0.20458984375000003
345,194.jpg,1970-01-01T00:00:00.000,4.468505859,"(226.53, 221.04, 215.70)",0.20458984375000003,"(46.33, 38.59, 31.21)",95.3269043,"(136.49, 129.95, 117.47)",,99.79541016,0.20458984375000003
106,195.jpg,1970-01-01T00:00:00.000,91.03686523,"(226.53, 221.04, 215.70)",0.10620117187499999,"(46.33, 38.59, 31.21)",8.856933594,"(136.49, 129.95, 117.47)",,99.89379882,0.10620117187499999
346,195.jpg,1970-01-01T00:00:00.000,91.03686523,"(226.53, 221.04, 215.70)",0.10620117187499999,"(46.33, 38.59, 31.21)",8.856933594,"(136.49, 129.95, 117.47)",,99.89379882,0.10620117187499999
107,196.jpg,1970-01-01T00:00:00.000,77.72338867,"(226.53, 221.04, 215.70)",13.325927734375002,"(46.33, 38.59, 31.21)",8.950683594,"(136.49, 129.95, 117.47)",,86.67407226,13.325927734375002
347,196.jpg,1970-01-01T00:00:00.000,77.72338867,"(226.53, 221.04, 215.70)",13.325927734375002,"(46.33, 38.59, 31.21)",8.950683594,"(136.49, 129.95, 117.47)",,86.67407226,13.325927734375002
108,197.jpg,1970-01-01T00:00:00.000,98.5949707,"(226.53, 221.04, 215.70)",0.004150391,"(46.33, 38.59, 31.21)",1.400878906,"(136.49, 129.95, 117.47)",,99.99584961,0.004150391
348,197.jpg,1970-01-01T00:00:00.000,98.5949707,"(226.53, 221.04, 215.70)",0.004150391,"(46.33, 38.59, 31.21)",1.400878906,"(136.49, 129.95, 117.47)",,99.99584961,0.004150391
349,198.jpg,1970-01-01T00:00:00.000,36.36621094,"(226.53, 221.04, 215.70)",15.15429688,"(46.33, 38.59, 31.21)",48.47949219,"(136.49, 129.95, 117.47)",,84.84570313,15.15429688
109,198.jpg,1970-01-01T00:00:00.000,36.36621094,"(226.53, 221.04, 215.70)",15.15429688,"(46.33, 38.59, 31.21)",48.47949219,"(136.49, 129.95, 117.47)",,84.84570313,15.15429688
350,199.jpg,1970-01-01T00:00:00.000,19.62792969,"(226.53, 221.04, 215.70)",23.57739258,"(46.33, 38.59, 31.21)",56.79467773,"(136.49, 129.95, 117.47)",,76.42260742,23.57739258
110,199.jpg,1970-01-01T00:00:00.000,19.62792969,"(226.53, 221.04, 215.70)",23.57739258,"(46.33, 38.59, 31.21)",56.79467773,"(136.49, 129.95, 117.47)",,76.42260742,23.57739258
353,200.jpg,1970-01-01T00:00:00.000,11.91870117,"(226.53, 221.04, 215.70)",5.834960938,"(46.33, 38.59, 31.21)",82.24633789,"(136.49, 129.95, 117.47)",,94.16503906,5.834960938
113,200.jpg,1970-01-01T00:00:00.000,11.91870117,"(226.53, 221.04, 215.70)",5.834960938,"(46.33, 38.59, 31.21)",82.24633789,"(136.49, 129.95, 117.47)",,94.16503906,5.834960938
114,201.jpg,1970-01-01T00:00:00.000,31.67016602,"(226.53, 221.04, 215.70)",0.711914063,"(46.33, 38.59, 31.21)",67.61791992,"(136.49, 129.95, 117.47)",,99.28808594,0.711914063
354,201.jpg,1970-01-01T00:00:00.000,31.67016602,"(226.53, 221.04, 215.70)",0.711914063,"(46.33, 38.59, 31.21)",67.61791992,"(136.49, 129.95, 117.47)",,99.28808594,0.711914063
355,202.jpg,1970-01-01T00:00:00.000,17.98974609,"(226.53, 221.04, 215.70)",20.55639648,"(46.33, 38.59, 31.21)",61.45385742,"(136.49, 129.95, 117.47)",,79.44360351,20.55639648
115,202.jpg,1970-01-01T00:00:00.000,17.98974609,"(226.53, 221.04, 215.70)",20.55639648,"(46.33, 38.59, 31.21)",61.45385742,"(136.49, 129.95, 117.47)",,79.44360351,20.55639648
356,203.jpg,1970-01-01T00:00:00.000,11.81591797,"(226.53, 221.04, 215.70)",17.04907227,"(46.33, 38.59, 31.21)",71.13500977,"(136.49, 129.95, 117.47)",,82.95092774,17.04907227
116,203.jpg,1970-01-01T00:00:00.000,11.81591797,"(226.53, 221.04, 215.70)",17.04907227,"(46.33, 38.59, 31.21)",71.13500977,"(136.49, 129.95, 117.47)",,82.95092774,17.04907227
117,204.jpg,1970-01-01T00:00:00.000,22.35717773,"(226.53, 221.04, 215.70)",28.02709961,"(46.33, 38.59, 31.21)",49.61572266,"(136.49, 129.95, 117.47)",,71.97290039,28.02709961
357,204.jpg,1970-01-01T00:00:00.000,22.35717773,"(226.53, 221.04, 215.70)",28.02709961,"(46.33, 38.59, 31.21)",49.61572266,"(136.49, 129.95, 117.47)",,71.97290039,28.02709961
358,205.jpg,1970-01-01T00:00:00.000,39.24194336,"(226.53, 221.04, 215.70)",50.02734375,"(46.33, 38.59, 31.21)",10.73071289,"(136.49, 129.95, 117.47)",,49.97265625,50.02734375
118,205.jpg,1970-01-01T00:00:00.000,39.24194336,"(226.53, 221.04, 215.70)",50.02734375,"(46.33, 38.59, 31.21)",10.73071289,"(136.49, 129.95, 117.47)",,49.97265625,50.02734375
359,206.jpg,1970-01-01T00:00:00.000,37.50195313,"(226.53, 221.04, 215.70)",28.646484374999996,"(46.33, 38.59, 31.21)",33.8515625,"(136.49, 129.95, 117.47)",,71.35351563,28.646484374999996
119,206.jpg,1970-01-01T00:00:00.000,37.50195313,"(226.53, 221.04, 215.70)",28.646484374999996,"(46.33, 38.59, 31.21)",33.8515625,"(136.49, 129.95, 117.47)",,71.35351563,28.646484374999996
360,207.jpg,1970-01-01T00:00:00.000,54.48681640625001,"(226.53, 221.04, 215.70)",30.3605957,"(46.33, 38.59, 31.21)",15.15258789,"(136.49, 129.95, 117.47)",,69.6394043,30.3605957
120,207.jpg,1970-01-01T00:00:00.000,54.48681640625001,"(226.53, 221.04, 215.70)",30.3605957,"(46.33, 38.59, 31.21)",15.15258789,"(136.49, 129.95, 117.47)",,69.6394043,30.3605957
361,208.jpg,1970-01-01T00:00:00.000,10.79711914,"(226.53, 221.04, 215.70)",0.035644531,"(46.33, 38.59, 31.21)",89.16723633,"(136.49, 129.95, 117.47)",,99.96435547,0.035644531
121,208.jpg,1970-01-01T00:00:00.000,10.79711914,"(226.53, 221.04, 215.70)",0.035644531,"(46.33, 38.59, 31.21)",89.16723633,"(136.49, 129.95, 117.47)",,99.96435547,0.035644531
122,209.jpg,1970-01-01T00:00:00.000,36.87036133,"(226.53, 221.04, 215.70)",0.986083984,"(46.33, 38.59, 31.21)",62.14355469,"(136.49, 129.95, 117.47)",,99.01391602,0.986083984
362,209.jpg,1970-01-01T00:00:00.000,36.87036133,"(226.53, 221.04, 215.70)",0.986083984,"(46.33, 38.59, 31.21)",62.14355469,"(136.49, 129.95, 117.47)",,99.01391602,0.986083984
364,210.jpg,1970-01-01T00:00:00.000,18.23266602,"(226.53, 221.04, 215.70)",45.71899414,"(46.33, 38.59, 31.21)",36.04833984,"(136.49, 129.95, 117.47)",,54.28100586,45.71899414
124,210.jpg,1970-01-01T00:00:00.000,18.23266602,"(226.53, 221.04, 215.70)",45.71899414,"(46.33, 38.59, 31.21)",36.04833984,"(136.49, 129.95, 117.47)",,54.28100586,45.71899414
125,211.jpg,1970-01-01T00:00:00.000,33.03198242,"(226.53, 221.04, 215.70)",26.89208984,"(46.33, 38.59, 31.21)",40.07592773,"(136.49, 129.95, 117.47)",,73.10791015,26.89208984
365,211.jpg,1970-01-01T00:00:00.000,33.03198242,"(226.53, 221.04, 215.70)",26.89208984,"(46.33, 38.59, 31.21)",40.07592773,"(136.49, 129.95, 117.47)",,73.10791015,26.89208984
366,212.jpg,1970-01-01T00:00:00.000,61.69116211,"(226.53, 221.04, 215.70)",21.47119141,"(46.33, 38.59, 31.21)",16.83764648,"(136.49, 129.95, 117.47)",,78.52880859,21.47119141
126,212.jpg,1970-01-01T00:00:00.000,61.69116211,"(226.53, 221.04, 215.70)",21.47119141,"(46.33, 38.59, 31.21)",16.83764648,"(136.49, 129.95, 117.47)",,78.52880859,21.47119141
367,213.jpg,1970-01-01T00:00:00.000,19.81860352,"(226.53, 221.04, 215.70)",4.099121094,"(46.33, 38.59, 31.21)",76.08227539,"(136.49, 129.95, 117.47)",,95.90087891,4.099121094
127,213.jpg,1970-01-01T00:00:00.000,19.81860352,"(226.53, 221.04, 215.70)",4.099121094,"(46.33, 38.59, 31.21)",76.08227539,"(136.49, 129.95, 117.47)",,95.90087891,4.099121094
368,214.jpg,1970-01-01T00:00:00.000,13.37963867,"(226.53, 221.04, 215.70)",21.00683594,"(46.33, 38.59, 31.21)",65.61352539,"(136.49, 129.95, 117.47)",,78.99316406,21.00683594
128,214.jpg,1970-01-01T00:00:00.000,13.37963867,"(226.53, 221.04, 215.70)",21.00683594,"(46.33, 38.59, 31.21)",65.61352539,"(136.49, 129.95, 117.47)",,78.99316406,21.00683594
369,215.jpg,1970-01-01T00:00:00.000,15.39599609,"(226.53, 221.04, 215.70)",71.39550781,"(46.33, 38.59, 31.21)",13.20849609,"(136.49, 129.95, 117.47)",,28.60449218,71.39550781
129,215.jpg,1970-01-01T00:00:00.000,15.39599609,"(226.53, 221.04, 215.70)",71.39550781,"(46.33, 38.59, 31.21)",13.20849609,"(136.49, 129.95, 117.47)",,28.60449218,71.39550781
130,216.jpg,1970-01-01T00:00:00.000,4.705078125,"(226.53, 221.04, 215.70)",5.458984375,"(46.33, 38.59, 31.21)",89.8359375,"(136.49, 129.95, 117.47)",,94.54101563,5.458984375
370,216.jpg,1970-01-01T00:00:00.000,4.705078125,"(226.53, 221.04, 215.70)",5.458984375,"(46.33, 38.59, 31.21)",89.8359375,"(136.49, 129.95, 117.47)",,94.54101563,5.458984375
131,217.jpg,1970-01-01T00:00:00.000,18.93798828,"(226.53, 221.04, 215.70)",43.35131836,"(46.33, 38.59, 31.21)",37.71069336,"(136.49, 129.95, 117.47)",,56.64868164,43.35131836
371,217.jpg,1970-01-01T00:00:00.000,18.93798828,"(226.53, 221.04, 215.70)",43.35131836,"(46.33, 38.59, 31.21)",37.71069336,"(136.49, 129.95, 117.47)",,56.64868164,43.35131836
372,218.jpg,1970-01-01T00:00:00.000,50.74145508,"(226.53, 221.04, 215.70)",43.67675781,"(46.33, 38.59, 31.21)",5.581787109,"(136.49, 129.95, 117.47)",,56.32324219,43.67675781
132,218.jpg,1970-01-01T00:00:00.000,50.74145508,"(226.53, 221.04, 215.70)",43.67675781,"(46.33, 38.59, 31.21)",5.581787109,"(136.49, 129.95, 117.47)",,56.32324219,43.67675781
373,219.jpg,1970-01-01T00:00:00.000,37.47167969,"(226.53, 221.04, 215.70)",28.58447266,"(46.33, 38.59, 31.21)",33.94384766,"(136.49, 129.95, 117.47)",,71.41552735,28.58447266
133,219.jpg,1970-01-01T00:00:00.000,37.47167969,"(226.53, 221.04, 215.70)",28.58447266,"(46.33, 38.59, 31.21)",33.94384766,"(136.49, 129.95, 117.47)",,71.41552735,28.58447266
135,220.jpg,1970-01-01T00:00:00.000,38.26245117,"(226.53, 221.04, 215.70)",20.57714844,"(46.33, 38.59, 31.21)",41.16040039,"(136.49, 129.95, 117.47)",,79.42285156,20.57714844
375,220.jpg,1970-01-01T00:00:00.000,38.26245117,"(226.53, 221.04, 215.70)",20.57714844,"(46.33, 38.59, 31.21)",41.16040039,"(136.49, 129.95, 117.47)",,79.42285156,20.57714844
136,221.jpg,1970-01-01T00:00:00.000,39.52001953,"(226.53, 221.04, 215.70)",2.646240234,"(46.33, 38.59, 31.21)",57.83374023,"(136.49, 129.95, 117.47)",,97.35375976,2.646240234
376,221.jpg,1970-01-01T00:00:00.000,39.52001953,"(226.53, 221.04, 215.70)",2.646240234,"(46.33, 38.59, 31.21)",57.83374023,"(136.49, 129.95, 117.47)",,97.35375976,2.646240234
137,222.jpg,1970-01-01T00:00:00.000,56.9296875,"(226.53, 221.04, 215.70)",17.0769043,"(46.33, 38.59, 31.21)",25.9934082,"(136.49, 129.95, 117.47)",,82.9230957,17.0769043
377,222.jpg,1970-01-01T00:00:00.000,56.9296875,"(226.53, 221.04, 215.70)",17.0769043,"(46.33, 38.59, 31.21)",25.9934082,"(136.49, 129.95, 117.47)",,82.9230957,17.0769043
378,223.jpg,1970-01-01T00:00:00.000,17.77197266,"(226.53, 221.04, 215.70)",16.12182617,"(46.33, 38.59, 31.21)",66.10620117,"(136.49, 129.95, 117.47)",,83.87817383,16.12182617
138,223.jpg,1970-01-01T00:00:00.000,17.77197266,"(226.53, 221.04, 215.70)",16.12182617,"(46.33, 38.59, 31.21)",66.10620117,"(136.49, 129.95, 117.47)",,83.87817383,16.12182617
139,224.jpg,1970-01-01T00:00:00.000,12.26611328,"(226.53, 221.04, 215.70)",10.35888672,"(46.33, 38.59, 31.21)",77.375,"(136.49, 129.95, 117.47)",,89.64111328,10.35888672
379,224.jpg,1970-01-01T00:00:00.000,12.26611328,"(226.53, 221.04, 215.70)",10.35888672,"(46.33, 38.59, 31.21)",77.375,"(136.49, 129.95, 117.47)",,89.64111328,10.35888672
140,225.jpg,1970-01-01T00:00:00.000,5.071533203,"(226.53, 221.04, 215.70)",8.147705078,"(46.33, 38.59, 31.21)",86.78076172,"(136.49, 129.95, 117.47)",,91.85229492,8.147705078
380,225.jpg,1970-01-01T00:00:00.000,5.071533203,"(226.53, 221.04, 215.70)",8.147705078,"(46.33, 38.59, 31.21)",86.78076172,"(136.49, 129.95, 117.47)",,91.85229492,8.147705078
381,226.jpg,1970-01-01T00:00:00.000,30.08935547,"(226.53, 221.04, 215.70)",17.08984375,"(46.33, 38.59, 31.21)",52.82080078,"(136.49, 129.95, 117.47)",,82.91015625,17.08984375
141,226.jpg,1970-01-01T00:00:00.000,30.08935547,"(226.53, 221.04, 215.70)",17.08984375,"(46.33, 38.59, 31.21)",52.82080078,"(136.49, 129.95, 117.47)",,82.91015625,17.08984375
382,227.jpg,1970-01-01T00:00:00.000,10.35449219,"(226.53, 221.04, 215.70)",9.269287109,"(46.33, 38.59, 31.21)",80.3762207,"(136.49, 129.95, 117.47)",,90.73071289,9.269287109
142,227.jpg,1970-01-01T00:00:00.000,10.35449219,"(226.53, 221.04, 215.70)",9.269287109,"(46.33, 38.59, 31.21)",80.3762207,"(136.49, 129.95, 117.47)",,90.73071289,9.269287109
383,228.jpg,1970-01-01T00:00:00.000,17.41650391,"(226.53, 221.04, 215.70)",6.498291016,"(46.33, 38.59, 31.21)",76.08520508,"(136.49, 129.95, 117.47)",,93.50170899,6.498291016
143,228.jpg,1970-01-01T00:00:00.000,17.41650391,"(226.53, 221.04, 215.70)",6.498291016,"(46.33, 38.59, 31.21)",76.08520508,"(136.49, 129.95, 117.47)",,93.50170899,6.498291016
384,229.jpg,1970-01-01T00:00:00.000,16.64624023,"(226.53, 221.04, 215.70)",18.26782227,"(46.33, 38.59, 31.21)",65.0859375,"(136.49, 129.95, 117.47)",,81.73217773,18.26782227
144,229.jpg,1970-01-01T00:00:00.000,16.64624023,"(226.53, 221.04, 215.70)",18.26782227,"(46.33, 38.59, 31.21)",65.0859375,"(136.49, 129.95, 117.47)",,81.73217773,18.26782227
146,230.jpg,1970-01-01T00:00:00.000,37.62573242,"(226.53, 221.04, 215.70)",13.715820312499998,"(46.33, 38.59, 31.21)",48.65844727,"(136.49, 129.95, 117.47)",,86.28417969,13.715820312499998
386,230.jpg,1970-01-01T00:00:00.000,37.62573242,"(226.53, 221.04, 215.70)",13.715820312499998,"(46.33, 38.59, 31.21)",48.65844727,"(136.49, 129.95, 117.47)",,86.28417969,13.715820312499998
387,231.jpg,1970-01-01T00:00:00.000,24.62329102,"(226.53, 221.04, 215.70)",12.26220703,"(46.33, 38.59, 31.21)",63.11450195,"(136.49, 129.95, 117.47)",,87.73779297,12.26220703
147,231.jpg,1970-01-01T00:00:00.000,24.62329102,"(226.53, 221.04, 215.70)",12.26220703,"(46.33, 38.59, 31.21)",63.11450195,"(136.49, 129.95, 117.47)",,87.73779297,12.26220703
388,232.jpg,1970-01-01T00:00:00.000,18.6184082,"(226.53, 221.04, 215.70)",14.22045898,"(46.33, 38.59, 31.21)",67.16113281,"(136.49, 129.95, 117.47)",,85.77954101,14.22045898
148,232.jpg,1970-01-01T00:00:00.000,18.6184082,"(226.53, 221.04, 215.70)",14.22045898,"(46.33, 38.59, 31.21)",67.16113281,"(136.49, 129.95, 117.47)",,85.77954101,14.22045898
389,233.jpg,1970-01-01T00:00:00.000,45.86401367,"(226.53, 221.04, 215.70)",15.168701171874998,"(46.33, 38.59, 31.21)",38.96728516,"(136.49, 129.95, 117.47)",,84.83129883,15.168701171874998
149,233.jpg,1970-01-01T00:00:00.000,45.86401367,"(226.53, 221.04, 215.70)",15.168701171874998,"(46.33, 38.59, 31.21)",38.96728516,"(136.49, 129.95, 117.47)",,84.83129883,15.168701171874998
390,234.jpg,1970-01-01T00:00:00.000,45.50341797,"(226.53, 221.04, 215.70)",50.59472656,"(46.33, 38.59, 31.21)",3.901855469,"(136.49, 129.95, 117.47)",,49.40527344,50.59472656
150,234.jpg,1970-01-01T00:00:00.000,45.50341797,"(226.53, 221.04, 215.70)",50.59472656,"(46.33, 38.59, 31.21)",3.901855469,"(136.49, 129.95, 117.47)",,49.40527344,50.59472656
391,235.jpg,1970-01-01T00:00:00.000,43.2668457,"(226.53, 221.04, 215.70)",17.74926758,"(46.33, 38.59, 31.21)",38.98388672,"(136.49, 129.95, 117.47)",,82.25073242,17.74926758
151,235.jpg,1970-01-01T00:00:00.000,43.2668457,"(226.53, 221.04, 215.70)",17.74926758,"(46.33, 38.59, 31.21)",38.98388672,"(136.49, 129.95, 117.47)",,82.25073242,17.74926758
152,236.jpg,1970-01-01T00:00:00.000,28.78271484,"(226.53, 221.04, 215.70)",54.10546875,"(46.33, 38.59, 31.21)",17.11181641,"(136.49, 129.95, 117.47)",,45.89453125,54.10546875
392,236.jpg,1970-01-01T00:00:00.000,28.78271484,"(226.53, 221.04, 215.70)",54.10546875,"(46.33, 38.59, 31.21)",17.11181641,"(136.49, 129.95, 117.47)",,45.89453125,54.10546875
153,237.jpg,1970-01-01T00:00:00.000,3.330322266,"(226.53, 221.04, 215.70)",0.681640625,"(46.33, 38.59, 31.21)",95.98803711,"(136.49, 129.95, 117.47)",,99.31835938,0.681640625
393,237.jpg,1970-01-01T00:00:00.000,3.330322266,"(226.53, 221.04, 215.70)",0.681640625,"(46.33, 38.59, 31.21)",95.98803711,"(136.49, 129.95, 117.47)",,99.31835938,0.681640625
394,238.jpg,1970-01-01T00:00:00.000,24.71313477,"(226.53, 221.04, 215.70)",32.83349609,"(46.33, 38.59, 31.21)",42.45336914,"(136.49, 129.95, 117.47)",,67.16650391,32.83349609
154,238.jpg,1970-01-01T00:00:00.000,24.71313477,"(226.53, 221.04, 215.70)",32.83349609,"(46.33, 38.59, 31.21)",42.45336914,"(136.49, 129.95, 117.47)",,67.16650391,32.83349609
155,239.jpg,1970-01-01T00:00:00.000,30.11962891,"(226.53, 221.04, 215.70)",19.22265625,"(46.33, 38.59, 31.21)",50.65771484,"(136.49, 129.95, 117.47)",,80.77734375,19.22265625
395,239.jpg,1970-01-01T00:00:00.000,30.11962891,"(226.53, 221.04, 215.70)",19.22265625,"(46.33, 38.59, 31.21)",50.65771484,"(136.49, 129.95, 117.47)",,80.77734375,19.22265625
157,240.jpg,1970-01-01T00:00:00.000,22.75561523,"(226.53, 221.04, 215.70)",23.98901367,"(46.33, 38.59, 31.21)",53.25537109,"(136.49, 129.95, 117.47)",,76.01098632,23.98901367
397,240.jpg,1970-01-01T00:00:00.000,22.75561523,"(226.53, 221.04, 215.70)",23.98901367,"(46.33, 38.59, 31.21)",53.25537109,"(136.49, 129.95, 117.47)",,76.01098632,23.98901367